Date,Close/Last,Volume,Open,High,Low,WeekofYear,OpentoClose %,OpentoOpen(1day) %,IS today a friday
1/31/2020,$8.82,59813730,$8.78,$8.84,$8.74,5,-0.004555809,-3.41E-03,1
1/30/2020,$8.84,42827800,$8.81,$8.84,$8.73,5,-0.003405221,-4.52E-03,0
1/29/2020,$8.86,59070710,$8.85,$8.96,$8.84,5,-0.001129944,-1.01E-02,0
1/28/2020,$8.97,85163400,$8.94,$9,$8.86,5,-0.003355705,6.76E-03,0
1/27/2020,$8.89,60769340,$8.88,$8.96,$8.78,5,-0.001126126,-2.53E-02,0
1/24/2020,$9,68100950,$9.11,$9.12,$8.96,4,0.012074643,-3.28E-03,1
1/23/2020,$9.14,75848670,$9.14,$9.16,$8.93,4,0,-8.68E-03,0
1/22/2020,$9.16,39914760,$9.22,$9.25,$9.15,4,0.006507592,7.65E-03,0
1/21/2020,$9.21,49556420,$9.15,$9.22,$9.10,4,-0.006557377,-4.35E-03,0
1/17/2020,$9.16,41644870,$9.19,$9.23,$9.13,3,0.003264418,-4.33E-03,1
1/16/2020,$9.17,44310390,$9.23,$9.28,$9.15,3,0.006500542,-4.32E-03,0
1/15/2020,$9.19,55923870,$9.27,$9.30,$9.18,3,0.008629989,5.42E-03,0
1/14/2020,$9.29,42936050,$9.22,$9.33,$9.21,3,-0.007592191,-3.24E-03,0
1/13/2020,$9.24,48562150,$9.25,$9.26,$9.11,3,0.001081081,-2.16E-03,0
1/10/2020,$9.25,39819240,$9.27,$9.36,$9.25,2,0.002157497,-3.23E-03,1
1/9/2020,$9.26,51905120,$9.30,$9.31,$9.18,2,0.004301075,7.58E-03,0
1/8/2020,$9.25,46003050,$9.23,$9.30,$9.17,2,-0.002166847,3.26E-03,0
1/7/2020,$9.25,45334550,$9.20,$9.25,$9.12,2,-0.005434783,1.10E-02,0
1/6/2020,$9.16,43380680,$9.10,$9.17,$9.06,2,-0.006593407,-2.26E-02,0
1/3/2020,$9.21,45059920,$9.31,$9.37,$9.15,1,0.010741139,2.15E-03,1
1/2/2020,$9.42,43432240,$9.29,$9.42,$9.19,1,-0.013993541,4.32E-03,0
12/31/2019,$9.30,32345380,$9.25,$9.33,$9.24,53,-0.005405405,-9.64E-03,1
12/30/2019,$9.25,36085420,$9.34,$9.35,$9.23,53,0.009635974,-1.16E-02,0
12/27/2019,$9.36,28273600,$9.45,$9.46,$9.35,52,0.00952381,-2.11E-03,1
12/26/2019,$9.45,28982310,$9.47,$9.49,$9.43,52,0.002111932,3.18E-03,0
12/24/2019,$9.47,11881600,$9.44,$9.49,$9.43,52,-0.003177966,-6.32E-03,0
12/23/2019,$9.44,54795990,$9.50,$9.57,$9.40,52,0.006315789,0.00E+00,0
12/20/2019,$9.48,50199270,$9.50,$9.54,$9.44,51,0.002105263,-5.24E-03,1
12/19/2019,$9.41,42237370,$9.55,$9.57,$9.38,51,0.014659686,1.70E-02,0
12/18/2019,$9.54,45929400,$9.39,$9.58,$9.36,51,-0.015974441,1.07E-03,0
12/17/2019,$9.39,35516660,$9.38,$9.41,$9.31,51,-0.001066098,1.52E-02,0
12/16/2019,$9.39,42339950,$9.24,$9.39,$9.22,51,-0.016233766,-8.58E-03,0
12/13/2019,$9.23,35334490,$9.32,$9.39,$9.19,50,0.009656652,2.31E-02,1
12/12/2019,$9.32,48398720,$9.11,$9.36,$9.11,50,-0.023051592,5.52E-03,0
12/11/2019,$9.11,33205340,$9.06,$9.14,$9.06,50,-0.005518764,4.44E-03,0
12/10/2019,$9.07,34233140,$9.02,$9.10,$8.96,50,-0.005543237,5.57E-03,0
12/9/2019,$9.01,21898170,$8.97,$9.07,$8.96,50,-0.004459309,1.12E-03,0
12/6/2019,$9.02,31111720,$8.96,$9.07,$8.95,49,-0.006696429,-1.12E-03,1
12/5/2019,$8.93,25770720,$8.97,$9,$8.88,49,0.004459309,2.24E-03,0
12/4/2019,$8.95,29994670,$8.95,$9.03,$8.94,49,0,0.00E+00,0
12/3/2019,$8.89,41121650,$8.95,$8.95,$8.80,49,0.006703911,-1.43E-02,0
12/2/2019,$9.01,37270510,$9.08,$9.14,$9,49,0.007709251,4.43E-03,0
11/29/2019,$9.06,13096150,$9.04,$9.10,$9.03,48,-0.002212389,1.11E-03,1
11/27/2019,$9.10,37424080,$9.03,$9.15,$9.02,48,-0.007751938,5.57E-03,0
11/26/2019,$9.01,30106840,$8.98,$9.02,$8.91,48,-0.003340757,8.99E-03,0
11/25/2019,$9,30617390,$8.90,$9.01,$8.87,48,-0.011235955,1.14E-02,0
11/22/2019,$8.89,34966750,$8.80,$8.90,$8.77,47,-0.010227273,3.42E-03,1
11/21/2019,$8.71,33161370,$8.77,$8.79,$8.67,47,0.006841505,-1.24E-02,0
11/20/2019,$8.73,38291750,$8.88,$8.89,$8.68,47,0.016891892,-1.22E-02,0
11/19/2019,$8.90,31192770,$8.99,$9,$8.87,47,0.010011123,-6.63E-03,0
11/18/2019,$8.95,38296390,$9.05,$9.05,$8.89,47,0.011049724,2.26E-02,0
11/15/2019,$8.95,26430900,$8.85,$8.96,$8.85,46,-0.011299435,0.00E+00,1
11/14/2019,$8.79,26542130,$8.85,$8.91,$8.78,46,0.006779661,-1.67E-02,0
11/13/2019,$8.81,34820790,$9,$9,$8.80,46,0.021111111,-6.62E-03,0
11/12/2019,$9.04,28710940,$9.06,$9.13,$9.04,46,0.002207506,1.23E-02,0
11/11/2019,$9.08,24852640,$8.95,$9.10,$8.94,46,-0.01452514,5.62E-03,0
11/8/2019,$9.04,29489850,$8.90,$9.04,$8.82,45,-0.015730337,-6.70E-03,1
11/7/2019,$8.89,32640400,$8.96,$9.01,$8.88,45,0.0078125,-9.95E-03,0
11/6/2019,$8.92,39497700,$9.05,$9.05,$8.89,45,0.014364641,3.33E-03,0
11/5/2019,$9.02,37569670,$9.02,$9.15,$9,45,0,1.01E-02,0
11/4/2019,$9,46716530,$8.93,$9.05,$8.93,45,-0.007838746,3.36E-02,0
11/1/2019,$8.89,55354930,$8.64,$8.93,$8.64,44,-0.028935185,6.99E-03,1
10/31/2019,$8.59,29124080,$8.58,$8.60,$8.50,44,-0.001165501,-6.94E-03,0
10/30/2019,$8.54,28685310,$8.64,$8.64,$8.52,44,0.011574074,5.82E-03,0
10/29/2019,$8.64,36771760,$8.59,$8.71,$8.59,44,-0.005820722,-1.94E-02,0
10/28/2019,$8.61,39635290,$8.76,$8.76,$8.58,44,0.017123288,1.04E-02,0
10/25/2019,$8.72,51373620,$8.67,$8.75,$8.62,43,-0.005767013,-2.26E-02,1
10/24/2019,$8.60,121124000,$8.87,$8.89,$8.55,43,0.030439684,-1.55E-02,0
10/23/2019,$9.21,46677590,$9.01,$9.21,$8.97,43,-0.022197558,0.00E+00,0
10/22/2019,$9.07,35997410,$9.01,$9.14,$8.96,43,-0.006659267,-1.96E-02,0
10/21/2019,$9.03,33812870,$9.19,$9.25,$9.01,43,0.017410229,1.10E-02,0
10/18/2019,$9.29,42432620,$9.09,$9.32,$9.09,42,-0.0220022,-3.29E-03,1
10/17/2019,$9.11,28652390,$9.12,$9.14,$9.03,42,0.001096491,1.10E-03,0
10/16/2019,$9.07,27386350,$9.11,$9.19,$9.06,42,0.004390779,3.05E-02,0
10/15/2019,$9.07,31040710,$8.84,$9.10,$8.78,42,-0.0260181,2.27E-03,0
10/14/2019,$8.82,25444790,$8.82,$8.84,$8.76,42,0,1.03E-02,0
10/11/2019,$8.78,34210300,$8.73,$8.87,$8.73,41,-0.005727377,1.75E-02,1
10/10/2019,$8.62,28223350,$8.58,$8.65,$8.52,41,-0.004662005,-3.48E-03,0
10/9/2019,$8.56,16979210,$8.61,$8.64,$8.56,41,0.005807201,-4.62E-03,0
10/8/2019,$8.54,31598390,$8.65,$8.66,$8.50,41,0.012716763,-5.75E-03,0
10/7/2019,$8.68,29494230,$8.70,$8.79,$8.61,41,0.002298851,-2.29E-03,0
10/4/2019,$8.74,28096690,$8.72,$8.76,$8.66,40,-0.002293578,1.99E-02,1
10/3/2019,$8.71,41250600,$8.55,$8.71,$8.45,40,-0.01871345,-3.39E-02,0
10/2/2019,$8.61,68290410,$8.85,$8.86,$8.44,40,0.027118644,-3.70E-02,0
10/1/2019,$8.90,39690750,$9.19,$9.24,$8.87,40,0.031556039,8.78E-03,0
9/30/2019,$9.16,22493310,$9.11,$9.21,$9.10,40,-0.005488474,-3.28E-03,0
9/27/2019,$9.08,32462240,$9.14,$9.60,$9.06,39,0.006564551,-9.75E-03,1
9/26/2019,$9.14,26593310,$9.23,$9.23,$9.07,39,0.009750813,1.43E-02,0
9/25/2019,$9.20,20555600,$9.10,$9.23,$9.09,39,-0.010989011,-9.79E-03,0
9/24/2019,$9.11,33167700,$9.19,$9.23,$9.05,39,0.008705114,6.57E-03,0
9/23/2019,$9.16,23591820,$9.13,$9.23,$9.08,39,-0.003285871,0.00E+00,0
9/20/2019,$9.17,38117100,$9.13,$9.30,$9.11,38,-0.004381161,-1.93E-02,1
9/19/2019,$9.10,29133990,$9.31,$9.33,$9.10,38,0.022556391,5.40E-03,0
9/18/2019,$9.25,24473870,$9.26,$9.36,$9.22,38,0.001079914,-1.08E-03,0
9/17/2019,$9.28,27510980,$9.27,$9.31,$9.18,38,-0.001078749,-9.62E-03,0
9/16/2019,$9.30,50052610,$9.36,$9.45,$9.24,38,0.006410256,-1.16E-02,0
9/13/2019,$9.45,27161260,$9.47,$9.59,$9.44,37,0.002111932,1.18E-02,1
9/12/2019,$9.41,35687710,$9.36,$9.48,$9.32,37,-0.00534188,7.54E-03,0
9/11/2019,$9.42,34190270,$9.29,$9.43,$9.29,37,-0.013993541,2.31E-02,0
9/10/2019,$9.42,70567290,$9.08,$9.42,$9.04,37,-0.037444934,-3.30E-02,0
9/9/2019,$9.54,48059370,$9.39,$9.65,$9.39,37,-0.015974441,2.13E-03,0
9/6/2019,$9.34,29210270,$9.37,$9.41,$9.20,36,0.003201708,1.30E-02,1
9/5/2019,$9.34,36640470,$9.25,$9.40,$9.25,36,-0.00972973,8.72E-03,0
9/4/2019,$9.20,27410230,$9.17,$9.23,$9.07,36,-0.003271538,-1.09E-03,0
9/3/2019,$9.10,26331720,$9.18,$9.20,$9.04,36,0.008714597,2.18E-03,0
8/30/2019,$9.17,32060740,$9.16,$9.23,$9.10,35,-0.001091703,6.59E-03,1
8/29/2019,$9.12,22016750,$9.10,$9.14,$9.03,35,-0.002197802,4.36E-02,0
8/28/2019,$9,35147630,$8.72,$9.04,$8.70,35,-0.032110092,-1.91E-02,0
8/27/2019,$8.76,23032300,$8.89,$8.91,$8.75,35,0.014623172,1.13E-03,0
8/26/2019,$8.82,31890300,$8.88,$8.91,$8.79,35,0.006756757,-2.25E-03,0
8/23/2019,$8.77,44987690,$8.90,$8.99,$8.73,34,0.014606742,-1.66E-02,1
8/22/2019,$9.04,20977680,$9.05,$9.14,$9.02,34,0.001104972,3.33E-03,0
8/21/2019,$9.04,20443920,$9.02,$9.05,$8.97,34,-0.002217295,2.22E-03,0
8/20/2019,$8.96,25119460,$9,$9.07,$8.93,34,0.004444444,-5.53E-03,0
8/19/2019,$9.03,21844000,$9.05,$9.10,$9.02,34,0.002209945,1.46E-02,0
8/16/2019,$8.96,27369850,$8.92,$9,$8.81,33,-0.004484305,-1.55E-02,1
8/15/2019,$8.86,40682770,$9.06,$9.06,$8.78,33,0.022075055,-7.67E-03,0
8/14/2019,$9,45967360,$9.13,$9.15,$8.96,33,0.014238773,-1.72E-02,0
8/13/2019,$9.26,28314960,$9.29,$9.42,$9.18,33,0.003229279,-1.07E-02,0
8/12/2019,$9.29,23050380,$9.39,$9.43,$9.28,33,0.010649627,-1.57E-02,0
8/9/2019,$9.45,38739670,$9.54,$9.58,$9.39,32,0.009433962,-2.09E-03,1
8/8/2019,$9.56,25468950,$9.56,$9.62,$9.51,32,0,1.38E-02,0
8/7/2019,$9.53,43042370,$9.43,$9.56,$9.32,32,-0.010604454,1.06E-03,0
8/6/2019,$9.48,51856100,$9.42,$9.51,$9.36,32,-0.006369427,2.61E-02,0
8/5/2019,$9.23,47963450,$9.18,$9.27,$9.06,32,-0.005446623,-8.64E-03,0
8/2/2019,$9.28,41495160,$9.26,$9.34,$9.21,31,-0.002159827,-2.83E-02,1
8/1/2019,$9.31,58060750,$9.53,$9.59,$9.28,31,0.023084995,-4.18E-03,0
7/31/2019,$9.53,56715510,$9.57,$9.58,$9.40,31,0.004179728,1.05E-03,0
7/30/2019,$9.55,36944660,$9.56,$9.58,$9.48,31,0.001046025,-4.17E-03,0
7/29/2019,$9.60,36487760,$9.60,$9.68,$9.52,31,0,2.09E-03,0
7/26/2019,$9.57,47710170,$9.58,$9.65,$9.51,30,0.001043841,-1.74E-02,1
7/25/2019,$9.56,133898600,$9.75,$9.78,$9.40,30,0.019487179,-4.22E-02,0
7/24/2019,$10.33,61107450,$10.18,$10.35,$10.14,30,-0.014734774,4.94E-03,0
7/23/2019,$10.17,74624840,$10.13,$10.22,$10.06,30,-0.003948667,0.00E+00,0
7/22/2019,$10.02,36238650,$10.13,$10.17,$10,30,0.010858835,-1.65E-02,0
7/19/2019,$10.20,38505640,$10.30,$10.32,$10.20,29,0.009708738,0.00E+00,1
7/18/2019,$10.26,25828860,$10.30,$10.31,$10.18,29,0.003883495,-1.72E-02,0
7/17/2019,$10.33,25204390,$10.48,$10.50,$10.31,29,0.014312977,1.06E-02,0
7/16/2019,$10.51,29530490,$10.37,$10.51,$10.29,29,-0.013500482,-1.14E-02,0
7/15/2019,$10.42,33753510,$10.49,$10.56,$10.34,29,0.006673022,2.44E-02,0
7/12/2019,$10.49,40761560,$10.24,$10.50,$10.24,28,-0.024414063,8.87E-03,1
7/11/2019,$10.19,27667550,$10.15,$10.20,$10.11,28,-0.003940887,-3.93E-03,0
7/10/2019,$10.11,29082150,$10.19,$10.26,$10.11,28,0.007850834,1.97E-03,0
7/9/2019,$10.14,25140620,$10.17,$10.19,$10.10,28,0.002949853,-2.94E-03,0
7/8/2019,$10.20,23244150,$10.20,$10.26,$10.18,28,0,1.97E-03,0
7/5/2019,$10.20,21397920,$10.18,$10.27,$10.09,27,-0.001964637,0.00E+00,1
7/3/2019,$10.20,19326620,$10.18,$10.30,$10.13,27,-0.001964637,2.96E-03,0
7/2/2019,$10.12,29715480,$10.15,$10.21,$10.04,27,0.002955665,-1.84E-02,0
7/1/2019,$10.15,38537010,$10.34,$10.43,$10.07,27,0.018375242,1.37E-02,0
6/28/2019,$10.23,37555290,$10.20,$10.31,$10.20,26,-0.002941176,1.59E-02,1
6/27/2019,$10.20,42954590,$10.04,$10.24,$10,26,-0.015936255,1.72E-02,0
6/26/2019,$9.91,33739050,$9.87,$9.96,$9.82,26,-0.004052685,-1.00E-02,0
6/25/2019,$9.84,28682020,$9.97,$9.99,$9.83,26,0.013039117,2.01E-03,0
6/24/2019,$9.95,28091230,$9.95,$10.02,$9.93,26,0,-7.98E-03,0
6/21/2019,$9.99,47904040,$10.03,$10.05,$9.91,25,0.003988036,-9.87E-03,1
6/20/2019,$10.04,32086470,$10.13,$10.15,$9.95,25,0.008884501,-1.97E-03,0
6/19/2019,$10.04,29051260,$10.15,$10.18,$10.03,25,0.010837438,6.94E-03,0
6/18/2019,$10.10,32591680,$10.08,$10.20,$10.05,25,-0.001984127,9.01E-03,0
6/17/2019,$10.05,19383830,$9.99,$10.09,$9.94,25,-0.006006006,-2.00E-03,0
6/14/2019,$9.98,21553250,$10.01,$10.04,$9.94,24,0.002997003,1.42E-02,1
6/13/2019,$10.06,25555850,$9.87,$10.06,$9.80,24,-0.019250253,-3.03E-03,0
6/12/2019,$9.85,21746720,$9.90,$9.93,$9.84,24,0.005050505,3.04E-03,0
6/11/2019,$9.92,26434190,$9.87,$9.98,$9.79,24,-0.005065856,-2.02E-03,0
6/10/2019,$9.82,33883400,$9.89,$10.03,$9.76,24,0.007077856,1.33E-02,0
6/7/2019,$9.76,18848700,$9.76,$9.82,$9.70,23,0,4.12E-03,1
6/6/2019,$9.75,28291060,$9.72,$9.82,$9.66,23,-0.00308642,-1.52E-02,0
6/5/2019,$9.78,42464810,$9.87,$9.92,$9.65,23,0.009118541,1.44E-02,0
6/4/2019,$9.92,37324130,$9.73,$9.95,$9.72,23,-0.019527235,1.14E-02,0
6/3/2019,$9.61,39446800,$9.62,$9.65,$9.46,23,0.001039501,1.48E-02,0
5/31/2019,$9.52,48250380,$9.48,$9.54,$9.33,22,-0.004219409,-2.67E-02,1
5/30/2019,$9.74,24759570,$9.74,$9.84,$9.68,22,0,5.16E-03,0
5/29/2019,$9.71,32262550,$9.69,$9.75,$9.55,22,-0.002063983,-1.82E-02,0
5/28/2019,$9.78,27656180,$9.87,$9.90,$9.77,22,0.009118541,-5.04E-03,0
5/24/2019,$9.83,22131460,$9.92,$9.95,$9.80,21,0.009072581,7.11E-03,1
5/23/2019,$9.85,43153770,$9.85,$9.85,$9.67,21,0,-3.15E-02,0
5/22/2019,$9.97,51407180,$10.17,$10.21,$9.93,21,0.019665683,-1.36E-02,0
5/21/2019,$10.24,30099320,$10.31,$10.31,$10.15,21,0.006789525,9.71E-04,0
5/20/2019,$10.28,29535940,$10.30,$10.30,$10.20,21,0.001941748,-1.94E-03,0
5/17/2019,$10.29,34565390,$10.32,$10.44,$10.24,20,0.002906977,1.94E-03,1
5/16/2019,$10.40,32696980,$10.30,$10.44,$10.30,20,-0.009708738,8.82E-03,0
5/15/2019,$10.36,44050200,$10.21,$10.40,$10.04,20,-0.014691479,5.91E-03,0
5/14/2019,$10.24,31297220,$10.15,$10.29,$10.13,20,-0.008866995,-1.97E-03,0
5/13/2019,$10.08,51102050,$10.17,$10.26,$10.04,20,0.008849558,-1.45E-02,0
5/10/2019,$10.38,37629530,$10.32,$10.41,$10.20,19,-0.005813953,5.85E-03,1
5/9/2019,$10.20,43621300,$10.26,$10.30,$10.07,19,0.005847953,-1.16E-02,0
5/8/2019,$10.34,33472200,$10.38,$10.45,$10.31,19,0.003853565,4.84E-03,0
5/7/2019,$10.38,41154490,$10.33,$10.41,$10.30,19,-0.004840271,2.08E-02,0
5/6/2019,$10.37,28640580,$10.12,$10.42,$10.12,19,-0.024703557,-2.41E-02,0
5/3/2019,$10.41,36291240,$10.37,$10.45,$10.30,18,-0.003857281,6.80E-03,1
5/2/2019,$10.34,34508450,$10.30,$10.35,$10.20,18,-0.003883495,-1.72E-02,0
5/1/2019,$10.30,41805500,$10.48,$10.50,$10.29,18,0.017175573,1.85E-02,0
4/30/2019,$10.45,46056240,$10.29,$10.50,$10.27,18,-0.015549077,-6.76E-03,0
4/29/2019,$10.32,60949940,$10.36,$10.39,$10.07,18,0.003861004,3.29E-02,0
4/26/2019,$10.41,156098200,$10.03,$10.45,$9.95,17,-0.037886341,5.36E-02,1
4/25/2019,$9.40,51048600,$9.52,$9.53,$9.34,17,0.012605042,7.41E-03,0
4/24/2019,$9.57,39738000,$9.45,$9.61,$9.40,17,-0.012698413,9.62E-03,0
4/23/2019,$9.50,39479050,$9.36,$9.51,$9.30,17,-0.014957265,-2.30E-02,0
4/22/2019,$9.50,38665590,$9.58,$9.58,$9.46,17,0.008350731,6.30E-03,0
4/18/2019,$9.55,29828740,$9.52,$9.62,$9.48,16,-0.003151261,1.28E-02,1
4/17/2019,$9.50,30619510,$9.40,$9.58,$9.39,16,-0.010638298,8.58E-03,0
4/16/2019,$9.36,40944760,$9.32,$9.40,$9.24,16,-0.004291845,-1.69E-02,0
4/15/2019,$9.33,41196370,$9.48,$9.50,$9.26,16,0.015822785,1.06E-03,0
4/12/2019,$9.45,38552600,$9.47,$9.60,$9.44,15,0.002111932,1.28E-02,1
4/11/2019,$9.39,26484480,$9.35,$9.41,$9.33,15,-0.004278075,1.30E-02,0
4/10/2019,$9.33,28375580,$9.23,$9.35,$9.20,15,-0.010834236,-4.32E-03,0
4/9/2019,$9.21,29813600,$9.27,$9.36,$9.17,15,0.006472492,9.80E-03,0
4/8/2019,$9.30,26215110,$9.18,$9.32,$9.17,15,-0.013071895,1.09E-03,0
4/5/2019,$9.25,37416990,$9.17,$9.27,$9.08,14,-0.0087241,-4.34E-03,1
4/4/2019,$9.24,39467110,$9.21,$9.30,$9.18,14,-0.003257329,1.54E-02,0
4/3/2019,$9.13,56221490,$9.07,$9.27,$9.06,14,-0.006615215,1.34E-02,0
4/2/2019,$9.01,30629430,$8.95,$9.03,$8.91,14,-0.006703911,1.02E-02,0
4/1/2019,$8.98,45181440,$8.86,$9,$8.86,14,-0.013544018,6.82E-03,0
3/29/2019,$8.78,33952360,$8.80,$8.89,$8.71,13,0.002272727,1.73E-02,1
3/28/2019,$8.77,38714430,$8.65,$8.83,$8.64,13,-0.013872832,-1.14E-02,0
3/27/2019,$8.62,39449740,$8.75,$8.86,$8.62,13,0.014857143,2.46E-02,0
3/26/2019,$8.76,47688290,$8.54,$8.76,$8.54,13,-0.025761124,-2.34E-03,0
3/25/2019,$8.51,45772800,$8.56,$8.65,$8.47,13,0.005841121,-8.11E-03,0
3/22/2019,$8.54,41611650,$8.63,$8.67,$8.52,12,0.010428737,1.53E-02,1
3/21/2019,$8.69,44689840,$8.50,$8.69,$8.49,12,-0.022352941,-1.96E-02,0
3/20/2019,$8.51,54509730,$8.67,$8.67,$8.48,12,0.018454441,6.97E-03,0
3/19/2019,$8.70,57190820,$8.61,$8.87,$8.61,12,-0.010452962,1.89E-02,0
3/18/2019,$8.57,35324290,$8.45,$8.57,$8.42,12,-0.014201183,3.56E-03,0
3/15/2019,$8.43,66481250,$8.42,$8.47,$8.37,11,-0.001187648,-1.17E-02,1
3/14/2019,$8.41,36279810,$8.52,$8.55,$8.40,11,0.012910798,-8.15E-03,0
3/13/2019,$8.53,48238150,$8.59,$8.65,$8.50,11,0.006984866,-6.94E-03,0
3/12/2019,$8.57,37051290,$8.65,$8.70,$8.55,11,0.009248555,2.25E-02,0
3/11/2019,$8.61,36871550,$8.46,$8.63,$8.45,11,-0.017730496,7.14E-03,0
3/8/2019,$8.42,43755280,$8.40,$8.47,$8.34,10,-0.002380952,-1.87E-02,1
3/7/2019,$8.48,53014220,$8.56,$8.57,$8.35,10,0.009345794,-2.17E-02,0
3/6/2019,$8.58,50355970,$8.75,$8.78,$8.56,10,0.019428571,-5.68E-03,0
3/5/2019,$8.77,39348070,$8.80,$8.81,$8.70,10,0.003409091,-3.40E-03,0
3/4/2019,$8.81,46184390,$8.83,$8.97,$8.76,10,0.002265006,-2.26E-03,0
3/1/2019,$8.79,37677900,$8.85,$8.89,$8.71,9,0.006779661,9.12E-03,1
2/28/2019,$8.77,43089720,$8.77,$8.79,$8.60,9,0,-6.80E-03,0
2/27/2019,$8.78,34078120,$8.83,$8.91,$8.78,9,0.005662514,9.14E-03,0
2/26/2019,$8.88,38347020,$8.75,$8.94,$8.72,9,-0.014857143,-2.28E-03,0
2/25/2019,$8.76,56445150,$8.77,$8.85,$8.75,9,0.001140251,4.58E-03,0
2/22/2019,$8.71,40938440,$8.73,$8.75,$8.56,8,0.002290951,-2.35E-02,1
2/21/2019,$8.71,44635240,$8.94,$8.96,$8.70,8,0.025727069,1.25E-02,0
2/20/2019,$8.94,40167010,$8.83,$8.98,$8.82,8,-0.012457531,3.52E-02,0
2/19/2019,$8.83,37921810,$8.53,$8.85,$8.53,8,-0.035169988,4.71E-03,0
2/15/2019,$8.54,57978560,$8.49,$8.56,$8.41,7,-0.005889282,1.31E-02,1
2/14/2019,$8.42,23482620,$8.38,$8.47,$8.32,7,-0.00477327,-8.28E-03,0
2/13/2019,$8.41,27171650,$8.45,$8.66,$8.39,7,0.004733728,8.35E-03,0
2/12/2019,$8.46,26183010,$8.38,$8.47,$8.38,7,-0.009546539,-3.57E-03,0
2/11/2019,$8.33,27388930,$8.41,$8.44,$8.29,7,0.009512485,1.45E-02,0
2/8/2019,$8.39,38633960,$8.29,$8.41,$8.16,6,-0.012062726,-3.83E-02,1
2/7/2019,$8.31,55091650,$8.62,$8.62,$8.29,6,0.035962877,-1.93E-02,0
2/6/2019,$8.72,32632530,$8.79,$8.90,$8.68,6,0.007963595,1.27E-02,0
2/5/2019,$8.75,26131720,$8.68,$8.76,$8.65,6,-0.008064516,-2.30E-03,0
2/4/2019,$8.70,28797520,$8.70,$8.70,$8.59,6,0,-7.98E-03,0
2/1/2019,$8.72,34112600,$8.77,$8.81,$8.62,5,0.005701254,1.74E-02,1
1/31/2019,$8.80,39377900,$8.62,$8.82,$8.60,5,-0.020881671,-5.19E-03,0
1/30/2019,$8.71,29889070,$8.67,$8.72,$8.52,5,-0.005193306,-5.17E-03,0
1/29/2019,$8.76,30445960,$8.71,$8.79,$8.62,5,-0.005740528,-1.02E-02,0
1/28/2019,$8.66,41966490,$8.80,$8.80,$8.58,5,0.015909091,6.87E-03,0
1/25/2019,$8.86,53096760,$8.74,$8.96,$8.73,4,-0.013729977,5.05E-02,1
1/24/2019,$8.60,79325400,$8.32,$8.68,$8.22,4,-0.033653846,-2.58E-02,0
1/23/2019,$8.34,44450090,$8.54,$8.54,$8.28,4,0.023419204,0.00E+00,0
1/22/2019,$8.50,47032010,$8.54,$8.61,$8.46,4,0.004683841,1.79E-02,0
1/18/2019,$8.58,49290140,$8.39,$8.60,$8.33,3,-0.022646007,1.45E-02,1
1/17/2019,$8.36,56705980,$8.27,$8.44,$8.21,3,-0.010882709,-4.72E-02,0
1/16/2019,$8.29,73798670,$8.68,$8.77,$8.26,3,0.044930876,-3.77E-02,0
1/15/2019,$8.84,65291780,$9.02,$9.03,$8.75,3,0.019955654,2.50E-02,0
1/14/2019,$8.99,44104780,$8.80,$9.06,$8.76,3,-0.021590909,3.42E-03,0
1/11/2019,$8.82,41556930,$8.77,$8.93,$8.70,2,-0.005701254,6.89E-03,1
1/10/2019,$8.67,39471910,$8.71,$8.77,$8.45,2,0.004592423,3.08E-02,0
1/9/2019,$8.72,48385210,$8.45,$8.77,$8.36,2,-0.031952663,3.56E-03,0
1/8/2019,$8.37,45579770,$8.42,$8.54,$8.35,2,0.005938242,3.82E-02,0
1/7/2019,$8.29,40148300,$8.11,$8.37,$8.03,2,-0.022194821,2.53E-02,0
1/4/2019,$8.08,43029840,$7.91,$8.12,$7.85,1,-0.021491783,-7.53E-03,1
1/3/2019,$7.78,38411160,$7.97,$7.99,$7.78,1,0.023839398,5.84E-02,0
1/2/2019,$7.90,47386820,$7.53,$8.02,$7.48,1,-0.049136786,-4.08E-02,0
12/31/2018,$7.65,57805490,$7.85,$7.86,$7.50,53,0.025477707,2.55E-03,1
12/28/2018,$7.81,47298570,$7.83,$8.04,$7.76,52,0.002554278,1.28E-03,1
12/27/2018,$7.85,49787750,$7.82,$7.85,$7.53,52,-0.003836317,1.16E-02,0
12/26/2018,$7.85,58655960,$7.73,$7.86,$7.41,52,-0.015523933,-3.50E-02,0
12/24/2018,$7.63,38709510,$8.01,$8.01,$7.61,52,0.047440699,-2.56E-02,0
12/21/2018,$8.05,57503190,$8.22,$8.40,$8.04,51,0.020681265,-1.32E-02,1
12/20/2018,$8.26,58031970,$8.33,$8.42,$8.18,51,0.008403361,-1.54E-02,0
12/19/2018,$8.32,75213080,$8.46,$8.65,$8.27,51,0.016548463,-1.05E-02,0
12/18/2018,$8.47,38199060,$8.55,$8.68,$8.41,51,0.009356725,8.26E-03,0
12/17/2018,$8.50,44457140,$8.48,$8.72,$8.41,51,-0.002358491,-4.70E-03,0
12/14/2018,$8.52,35433230,$8.52,$8.68,$8.46,50,0,-1.73E-02,1
12/13/2018,$8.50,31606460,$8.67,$8.70,$8.46,50,0.019607843,3.47E-03,0
12/12/2018,$8.64,40528540,$8.64,$8.73,$8.59,50,0,-9.17E-03,0
12/11/2018,$8.54,39105860,$8.72,$8.80,$8.50,50,0.020642202,-1.25E-02,0
12/10/2018,$8.52,56473160,$8.83,$8.85,$8.38,50,0.035107588,-2.11E-02,0
12/7/2018,$8.82,42214590,$9.02,$9.13,$8.80,49,0.022172949,-1.10E-02,1
12/6/2018,$9.02,53769740,$9.12,$9.12,$8.92,49,0.010964912,-4.50E-02,0
12/4/2018,$9.18,57502950,$9.55,$9.60,$9.18,49,0.038743455,-1.65E-02,0
12/3/2018,$9.60,64525800,$9.71,$9.85,$9.60,49,0.011328527,3.63E-02,0
11/30/2018,$9.41,36260470,$9.37,$9.48,$9.36,48,-0.004268943,0.00E+00,1
11/29/2018,$9.37,27546190,$9.37,$9.44,$9.26,48,0,1.08E-02,0
11/28/2018,$9.41,32209640,$9.27,$9.44,$9.17,48,-0.015102481,-1.07E-02,0
11/27/2018,$9.28,34277610,$9.37,$9.43,$9.25,48,0.009605123,1.52E-02,0
11/26/2018,$9.40,46081980,$9.23,$9.53,$9.17,48,-0.018418202,1.76E-02,0
11/23/2018,$9.13,13520850,$9.07,$9.22,$9.03,47,-0.006615215,2.21E-03,1
11/21/2018,$9.11,25879520,$9.05,$9.20,$8.98,47,-0.006629834,-5.50E-03,0
11/20/2018,$9.06,35153950,$9.10,$9.22,$9.01,47,0.004395604,8.87E-03,0
11/19/2018,$9.25,56208890,$9.02,$9.36,$8.96,47,-0.025498891,-2.80E-02,0
11/16/2018,$9.05,54382490,$9.28,$9.31,$8.98,46,0.024784483,-2.32E-02,1
11/15/2018,$9.31,57139150,$9.50,$9.53,$9.12,46,0.02,-1.35E-02,0
11/14/2018,$9.54,39552420,$9.63,$9.67,$9.43,46,0.009345794,1.05E-02,0
11/13/2018,$9.54,33088120,$9.53,$9.67,$9.47,46,-0.001049318,1.60E-02,0
11/12/2018,$9.49,36310030,$9.38,$9.58,$9.37,46,-0.011727079,0.00E+00,0
11/9/2018,$9.38,52199130,$9.38,$9.80,$9.27,45,0,-2.09E-02,1
11/8/2018,$9.46,55793290,$9.58,$9.65,$9.44,45,0.012526096,-2.08E-03,0
11/7/2018,$9.60,37344690,$9.60,$9.60,$9.45,45,0,1.48E-02,0
11/6/2018,$9.54,40924250,$9.46,$9.57,$9.41,45,-0.00845666,8.53E-03,0
11/5/2018,$9.53,41263580,$9.38,$9.57,$9.35,45,-0.015991471,2.14E-03,0
11/2/2018,$9.38,48418570,$9.36,$9.45,$9.26,44,-0.002136752,-1.89E-02,1
11/1/2018,$9.29,59763530,$9.54,$9.55,$9.26,44,0.026205451,-8.32E-03,0
10/31/2018,$9.55,68442730,$9.62,$9.67,$9.43,44,0.007276507,3.33E-02,0
10/30/2018,$9.46,58036350,$9.31,$9.56,$9.27,44,-0.016111708,-5.34E-03,0
10/29/2018,$9.28,92135050,$9.36,$9.59,$9.17,44,0.008547009,4.46E-02,0
10/26/2018,$8.98,100632200,$8.96,$9.06,$8.86,43,-0.002232143,5.16E-02,1
10/25/2018,$8.99,90358420,$8.52,$9,$8.46,43,-0.055164319,2.35E-03,0
10/24/2018,$8.18,58314690,$8.50,$8.60,$8.17,43,0.037647059,2.41E-02,0
10/23/2018,$8.59,55372340,$8.30,$8.64,$8.23,43,-0.034939759,-9.55E-03,0
10/22/2018,$8.41,39788980,$8.38,$8.45,$8.27,43,-0.003579952,7.21E-03,0
10/19/2018,$8.50,59799890,$8.32,$8.53,$8.19,42,-0.021634615,-4.81E-02,1
10/18/2018,$8.51,59619140,$8.74,$8.76,$8.50,42,0.026315789,-6.82E-03,0
10/17/2018,$8.76,48727560,$8.80,$8.86,$8.64,42,0.004545455,-7.89E-03,0
10/16/2018,$8.80,36753930,$8.87,$8.89,$8.73,42,0.00789177,2.31E-02,0
10/15/2018,$8.81,40134510,$8.67,$8.85,$8.66,42,-0.016147636,-3.13E-02,0
10/12/2018,$8.64,59269430,$8.95,$8.95,$8.55,41,0.034636872,1.47E-02,1
10/11/2018,$8.81,66113940,$8.82,$8.99,$8.76,41,0.001133787,-1.45E-02,0
10/10/2018,$8.82,53887840,$8.95,$8.98,$8.81,41,0.01452514,-3.03E-02,0
10/9/2018,$8.95,58254390,$9.23,$9.31,$8.95,41,0.030335861,1.43E-02,0
10/8/2018,$9.26,43558200,$9.10,$9.28,$9.09,41,-0.017582418,-5.46E-03,0
10/5/2018,$9.12,36922070,$9.15,$9.22,$9.10,40,0.003278689,2.19E-03,1
10/4/2018,$9.15,38883860,$9.13,$9.22,$9.09,40,-0.002190581,-1.51E-02,0
10/3/2018,$9.13,46980400,$9.27,$9.31,$9.13,40,0.015102481,0.00E+00,0
10/2/2018,$9.20,41796960,$9.27,$9.34,$9.18,40,0.007551241,-1.70E-02,0
10/1/2018,$9.32,44819940,$9.43,$9.44,$9.30,40,0.011664899,2.28E-02,0
9/28/2018,$9.25,30982780,$9.22,$9.28,$9.09,39,-0.003253796,-8.60E-03,1
9/27/2018,$9.23,38385020,$9.30,$9.33,$9.20,39,0.007526882,-8.53E-03,0
9/26/2018,$9.27,58539430,$9.38,$9.41,$9.27,39,0.011727079,-1.57E-02,0
9/25/2018,$9.39,43011250,$9.53,$9.56,$9.37,39,0.014690451,-2.56E-02,0
9/24/2018,$9.59,43118320,$9.78,$9.85,$9.52,39,0.019427403,-6.10E-03,0
9/21/2018,$9.85,73993540,$9.84,$9.94,$9.78,38,-0.00101626,1.02E-03,1
9/20/2018,$9.81,45487050,$9.83,$9.93,$9.71,38,0.002034588,2.29E-02,0
9/19/2018,$9.78,40086250,$9.61,$9.83,$9.61,38,-0.017689906,7.34E-03,0
9/18/2018,$9.58,57052770,$9.54,$9.61,$9.48,38,-0.004192872,1.11E-02,0
9/17/2018,$9.55,29520840,$9.44,$9.60,$9.43,38,-0.012188659,5.86E-03,0
9/14/2018,$9.45,29892320,$9.38,$9.48,$9.36,37,-0.007462687,0.00E+00,1
9/13/2018,$9.37,29223630,$9.38,$9.41,$9.31,37,0.001066098,7.52E-03,0
9/12/2018,$9.34,25426050,$9.31,$9.42,$9.28,37,-0.003222342,-4.28E-03,0
9/11/2018,$9.31,27138750,$9.35,$9.36,$9.22,37,0.004278075,4.30E-03,0
9/10/2018,$9.38,30411740,$9.31,$9.49,$9.30,37,-0.007518797,-1.06E-02,0
9/7/2018,$9.27,51215670,$9.41,$9.49,$9.25,36,0.01487779,-7.38E-03,1
9/6/2018,$9.43,29509790,$9.48,$9.55,$9.40,36,0.005274262,1.06E-03,0
9/5/2018,$9.49,44524660,$9.47,$9.55,$9.32,36,-0.002111932,-6.30E-03,0
9/4/2018,$9.47,54092090,$9.53,$9.58,$9.36,36,0.006295908,-1.14E-02,0
8/31/2018,$9.48,76368370,$9.64,$9.68,$9.40,35,0.01659751,-2.33E-02,1
8/30/2018,$9.70,48494340,$9.87,$9.92,$9.67,35,0.017223911,-1.40E-02,0
8/29/2018,$9.97,37237190,$10.01,$10.02,$9.90,35,0.003996004,-6.94E-03,0
8/28/2018,$10.01,33836090,$10.08,$10.09,$9.95,35,0.006944444,3.39E-02,0
8/27/2018,$9.99,49507320,$9.75,$10.04,$9.73,35,-0.024615385,1.04E-02,0
8/24/2018,$9.68,18367690,$9.65,$9.70,$9.61,34,-0.003108808,-2.07E-03,1
8/23/2018,$9.63,31502980,$9.67,$9.69,$9.58,34,0.004136505,-1.23E-02,0
8/22/2018,$9.69,30774730,$9.79,$9.82,$9.68,34,0.010214505,2.05E-03,0
8/21/2018,$9.86,46308250,$9.77,$9.90,$9.69,34,-0.009211873,2.20E-02,0
8/20/2018,$9.72,25064490,$9.56,$9.74,$9.56,34,-0.016736402,3.15E-03,0
8/17/2018,$9.55,32711910,$9.53,$9.60,$9.46,33,-0.002098636,3.16E-03,1
8/16/2018,$9.51,28834000,$9.50,$9.60,$9.49,33,-0.001052632,4.23E-03,0
8/15/2018,$9.45,36277570,$9.46,$9.50,$9.35,33,0.001057082,-5.26E-03,0
8/14/2018,$9.50,37616350,$9.51,$9.62,$9.45,33,0.001051525,-2.36E-02,0
8/13/2018,$9.46,66541760,$9.74,$9.75,$9.42,33,0.028747433,-1.72E-02,0
8/10/2018,$9.74,39158110,$9.91,$9.91,$9.72,32,0.01715439,-1.49E-02,1
8/9/2018,$9.91,35538120,$10.06,$10.07,$9.90,32,0.014910537,9.95E-04,0
8/8/2018,$10.05,22598500,$10.05,$10.10,$10.04,32,0,9.96E-04,0
8/7/2018,$10.08,27958790,$10.04,$10.10,$10.02,32,-0.003984064,4.00E-03,0
8/6/2018,$10.03,21770340,$10,$10.05,$9.97,32,-0.003,7.05E-03,0
8/3/2018,$10.04,25920560,$9.93,$10.06,$9.93,31,-0.011077543,3.03E-03,1
8/2/2018,$9.92,40311130,$9.90,$9.98,$9.84,31,-0.002020202,-1.59E-02,0
8/1/2018,$9.90,44112160,$10.06,$10.08,$9.82,31,0.015904573,-4.95E-03,0
7/31/2018,$10.04,38006800,$10.11,$10.11,$10,31,0.006923838,1.51E-02,0
7/30/2018,$10.07,35709860,$9.96,$10.10,$9.93,31,-0.011044177,0.00E+00,0
7/27/2018,$9.93,46158880,$9.96,$10.05,$9.91,30,0.003012048,-1.78E-02,1
7/26/2018,$9.89,103791900,$10.14,$10.16,$9.84,30,0.024654832,-1.74E-02,0
7/25/2018,$10.52,92296350,$10.32,$10.57,$10.12,30,-0.019379845,-1.81E-02,0
7/24/2018,$10.57,47232250,$10.51,$10.74,$10.50,30,-0.005708849,-4.74E-03,0
7/23/2018,$10.47,34917470,$10.56,$10.57,$10.42,30,0.008522727,-1.12E-02,0
7/20/2018,$10.56,41500610,$10.68,$10.72,$10.51,29,0.011235955,-1.93E-02,1
7/19/2018,$10.82,40273190,$10.89,$10.90,$10.77,29,0.006427916,3.69E-03,0
7/18/2018,$10.87,36331850,$10.85,$10.90,$10.81,29,-0.001843318,4.63E-03,0
7/17/2018,$10.86,37518590,$10.80,$10.90,$10.80,29,-0.005555556,-1.37E-02,0
7/16/2018,$10.85,46126270,$10.95,$10.97,$10.76,29,0.00913242,-6.35E-03,0
7/13/2018,$10.98,36552840,$11.02,$11.05,$10.91,28,0.003629764,-7.21E-03,1
7/12/2018,$11.05,26405170,$11.10,$11.14,$11,28,0.004504505,-4.48E-03,0
7/11/2018,$11.07,30013200,$11.15,$11.17,$11.05,28,0.007174888,-4.46E-03,0
7/10/2018,$11.25,21151770,$11.20,$11.26,$11.17,28,-0.004464286,9.01E-03,0
7/9/2018,$11.20,23880680,$11.10,$11.26,$11.03,28,-0.009009009,5.44E-03,0
7/6/2018,$11.06,25644930,$11.04,$11.10,$10.92,27,-0.001811594,-5.41E-03,1
7/5/2018,$11.05,30117040,$11.10,$11.14,$11.02,27,0.004504505,0.00E+00,0
7/3/2018,$10.99,16544780,$11.10,$11.15,$10.94,27,0.00990991,7.26E-03,0
7/2/2018,$11.10,37874690,$11.02,$11.11,$10.91,27,-0.007259528,-2.65E-02,0
6/29/2018,$11.07,44111360,$11.32,$11.37,$11.03,26,0.022084806,-4.40E-03,1
6/28/2018,$11.28,43812030,$11.37,$11.40,$11.15,26,0.007915567,-1.47E-02,0
6/27/2018,$11.42,27236390,$11.54,$11.64,$11.40,26,0.010398614,-1.73E-03,0
6/26/2018,$11.52,36626980,$11.56,$11.63,$11.49,26,0.003460208,-6.02E-03,0
6/25/2018,$11.50,35958450,$11.63,$11.67,$11.38,26,0.011177988,-1.02E-02,0
6/22/2018,$11.65,37438910,$11.75,$11.87,$11.62,25,0.008510638,-4.24E-03,1
6/21/2018,$11.71,33262610,$11.80,$11.83,$11.64,25,0.007627119,-1.42E-02,0
6/20/2018,$11.87,31944640,$11.97,$12.05,$11.83,25,0.008354219,1.27E-02,0
6/19/2018,$11.89,40026070,$11.82,$11.89,$11.67,25,-0.005922166,0.00E+00,0
6/18/2018,$11.99,32646400,$11.82,$12.04,$11.81,25,-0.014382403,-1.69E-03,0
6/15/2018,$11.88,56297520,$11.84,$12.03,$11.80,24,-0.003378378,-1.33E-02,1
6/14/2018,$11.89,34277770,$12,$12.01,$11.84,24,0.009166667,-8.26E-03,0
6/13/2018,$12.02,27253040,$12.10,$12.10,$11.96,24,0.00661157,2.49E-03,0
6/12/2018,$12.11,51226950,$12.07,$12.15,$12.03,24,-0.003314002,-2.48E-03,0
6/11/2018,$12.03,30237990,$12.10,$12.15,$12.02,24,0.005785124,4.98E-03,0
6/8/2018,$12.10,27199940,$12.04,$12.12,$12,23,-0.004983389,5.85E-03,1
6/7/2018,$12.03,46852190,$11.97,$12.15,$11.96,23,-0.005012531,8.43E-03,0
6/6/2018,$11.97,30955790,$11.87,$12,$11.82,23,-0.0084246,1.11E-02,0
6/5/2018,$11.83,31021230,$11.74,$11.87,$11.68,23,-0.007666099,0.00E+00,0
6/4/2018,$11.74,25138140,$11.74,$11.79,$11.69,23,0,6.00E-03,0
6/1/2018,$11.71,35397650,$11.67,$11.77,$11.61,22,-0.003427592,1.72E-03,1
5/31/2018,$11.55,61464420,$11.65,$11.74,$11.36,22,0.008583691,1.04E-02,0
5/30/2018,$11.55,25526390,$11.53,$11.61,$11.47,22,-0.001734605,-6.03E-03,0
5/29/2018,$11.44,31315610,$11.60,$11.62,$11.36,22,0.013793103,3.46E-03,0
5/25/2018,$11.51,19292540,$11.56,$11.61,$11.47,21,0.00432526,9.61E-03,1
5/24/2018,$11.62,33556510,$11.45,$11.65,$11.44,21,-0.014847162,-4.35E-03,0
5/23/2018,$11.44,23512660,$11.50,$11.55,$11.33,21,0.005217391,-6.91E-03,0
5/22/2018,$11.52,22359610,$11.58,$11.64,$11.51,21,0.005181347,1.40E-02,0
5/21/2018,$11.51,30790380,$11.42,$11.55,$11.39,21,-0.007880911,-1.75E-03,0
5/18/2018,$11.33,22580200,$11.44,$11.47,$11.30,20,0.009615385,3.51E-03,1
5/17/2018,$11.46,20685380,$11.40,$11.48,$11.38,20,-0.005263158,1.70E-02,0
5/16/2018,$11.40,26451190,$11.21,$11.40,$11.20,20,-0.016949153,9.91E-03,0
5/15/2018,$11.22,26945550,$11.10,$11.25,$11.06,20,-0.010810811,-1.16E-02,0
5/14/2018,$11.18,26749930,$11.23,$11.29,$11.17,20,0.00445236,8.91E-04,0
5/11/2018,$11.19,19780570,$11.22,$11.25,$11.16,19,0.002673797,1.63E-02,1
5/10/2018,$11.21,32004680,$11.04,$11.25,$11.02,19,-0.015398551,-1.52E-02,0
5/9/2018,$11.06,43552490,$11.21,$11.28,$11.02,19,0.01338091,-9.72E-03,0
5/8/2018,$11.27,25455470,$11.32,$11.37,$11.24,19,0.004416961,-3.52E-03,0
5/7/2018,$11.34,27497440,$11.36,$11.44,$11.31,19,0.001760563,1.79E-02,0
5/4/2018,$11.36,32041260,$11.16,$11.41,$11.09,18,-0.017921147,-8.95E-04,1
5/3/2018,$11.20,38861270,$11.17,$11.21,$10.97,18,-0.002685765,-7.99E-03,0
5/2/2018,$11.21,41033070,$11.26,$11.27,$11.12,18,0.004440497,8.89E-04,0
5/1/2018,$11.26,61420850,$11.25,$11.35,$11.10,18,-0.000888889,-2.43E-02,0
4/30/2018,$11.24,65995650,$11.53,$11.73,$11.22,18,0.025151778,1.14E-02,0
4/27/2018,$11.49,33312840,$11.40,$11.56,$11.38,17,-0.007894737,-1.75E-03,1
4/26/2018,$11.43,80586250,$11.42,$11.53,$11.29,17,-0.000875657,4.20E-02,0
4/25/2018,$11.11,39022690,$10.96,$11.16,$10.87,17,-0.013686131,-8.15E-03,0
4/24/2018,$10.96,39568400,$11.05,$11.17,$10.93,17,0.008144796,1.94E-02,0
4/23/2018,$11.04,31619290,$10.84,$11.04,$10.83,17,-0.018450185,-1.54E-02,0
4/20/2018,$10.82,44900590,$11.01,$11.03,$10.78,16,0.017257039,-1.52E-02,1
4/19/2018,$10.96,49102280,$11.18,$11.25,$10.85,16,0.019677996,-1.76E-02,0
4/18/2018,$11.33,46205110,$11.38,$11.48,$11.30,16,0.004393673,-4.37E-03,0
4/17/2018,$11.38,30435640,$11.43,$11.45,$11.30,16,0.004374453,6.16E-03,0
4/16/2018,$11.38,32751620,$11.36,$11.45,$11.27,16,-0.001760563,8.81E-04,0
4/13/2018,$11.28,34563260,$11.35,$11.39,$11.23,15,0.006167401,-1.30E-02,1
4/12/2018,$11.31,46981710,$11.50,$11.54,$11.25,15,0.016521739,1.05E-02,0
4/11/2018,$11.43,31997050,$11.38,$11.49,$11.30,15,-0.004393673,-5.25E-03,0
4/10/2018,$11.45,43306240,$11.44,$11.55,$11.41,15,-0.000874126,1.69E-02,0
4/9/2018,$11.25,36453530,$11.25,$11.38,$11.20,15,0,-2.66E-03,0
4/6/2018,$11.18,31567950,$11.28,$11.35,$11.07,14,0.008865248,-5.29E-03,1
4/5/2018,$11.35,28349340,$11.34,$11.38,$11.23,14,-0.000881834,4.32E-02,0
4/4/2018,$11.33,44826830,$10.87,$11.36,$10.80,14,-0.042318307,-1.27E-02,0
4/3/2018,$11.15,42512830,$11.01,$11.18,$10.90,14,-0.012715713,-4.52E-03,0
4/2/2018,$10.86,43186360,$11.06,$11.09,$10.70,14,0.018083183,1.19E-02,0
3/29/2018,$11.08,39721230,$10.93,$11.13,$10.92,13,-0.013723696,9.23E-03,1
3/28/2018,$10.86,42204470,$10.83,$10.95,$10.73,13,-0.002770083,-1.84E-03,0
3/27/2018,$10.83,40481150,$10.85,$10.92,$10.72,13,0.001843318,1.02E-02,0
3/26/2018,$10.83,52218030,$10.74,$10.87,$10.68,13,-0.008379888,-4.63E-03,0
3/23/2018,$10.56,39942800,$10.79,$10.85,$10.51,12,0.021316033,-1.91E-02,1
3/22/2018,$10.75,50931740,$11,$11.06,$10.73,12,0.022727273,0.00E+00,0
3/21/2018,$11.10,38416920,$11,$11.19,$10.93,12,-0.009090909,-4.53E-03,0
3/20/2018,$10.99,45506190,$11.05,$11.13,$10.97,12,0.005429864,-8.97E-03,0
3/19/2018,$11.01,55009360,$11.15,$11.17,$10.87,12,0.012556054,2.70E-03,0
3/16/2018,$11.15,78597300,$11.12,$11.22,$11.06,11,-0.002697842,6.34E-03,1
3/15/2018,$11.07,47503990,$11.05,$11.25,$10.95,11,-0.001809955,-1.78E-02,0
3/14/2018,$11.02,91910270,$11.25,$11.44,$11.01,11,0.020444444,3.78E-02,0
3/13/2018,$10.78,43173900,$10.84,$10.98,$10.73,11,0.005535055,1.40E-02,0
3/12/2018,$10.81,32854260,$10.69,$10.85,$10.68,11,-0.011225444,5.64E-03,0
3/9/2018,$10.73,26680690,$10.63,$10.73,$10.57,10,-0.009407338,-1.88E-03,1
3/8/2018,$10.61,27608640,$10.65,$10.68,$10.48,10,0.003755869,1.33E-02,0
3/7/2018,$10.63,29917430,$10.51,$10.64,$10.43,10,-0.011417697,-1.32E-02,0
3/6/2018,$10.63,30534420,$10.65,$10.68,$10.47,10,0.001877934,3.30E-02,0
3/5/2018,$10.58,43954310,$10.31,$10.63,$10.30,10,-0.026188167,6.84E-03,0
3/2/2018,$10.40,60403350,$10.24,$10.42,$10.14,9,-0.015625,-3.85E-02,1
3/1/2018,$10.29,75777350,$10.65,$10.69,$10.20,9,0.033802817,-2.81E-03,0
2/28/2018,$10.61,41290790,$10.68,$10.79,$10.57,9,0.006554307,-2.29E-02,0
2/27/2018,$10.61,43383440,$10.93,$10.99,$10.60,9,0.029277219,1.77E-02,0
2/26/2018,$10.89,27093580,$10.74,$10.95,$10.70,9,-0.01396648,6.56E-03,0
2/23/2018,$10.70,21774180,$10.67,$10.71,$10.62,8,-0.002811621,6.60E-03,1
2/22/2018,$10.63,25385420,$10.60,$10.73,$10.56,8,-0.002830189,-4.70E-03,0
2/21/2018,$10.60,36016440,$10.65,$10.75,$10.59,8,0.004694836,6.62E-03,0
2/20/2018,$10.63,27578700,$10.58,$10.67,$10.55,8,-0.004725898,-1.12E-02,0
2/16/2018,$10.61,41033820,$10.70,$10.82,$10.52,7,0.008411215,-9.26E-03,1
2/15/2018,$10.76,28200780,$10.80,$10.80,$10.64,7,0.003703704,2.37E-02,0
2/14/2018,$10.74,27783860,$10.55,$10.75,$10.50,7,-0.018009479,-7.53E-03,0
2/13/2018,$10.59,36806510,$10.63,$10.69,$10.53,7,0.003762935,-3.75E-03,0
2/12/2018,$10.70,48990120,$10.67,$10.82,$10.54,7,-0.002811621,9.46E-03,0
2/9/2018,$10.53,71971730,$10.57,$10.64,$10.24,6,0.003784295,-2.04E-02,1
2/8/2018,$10.43,73934190,$10.79,$10.86,$10.42,6,0.033364226,3.72E-03,0
2/7/2018,$10.76,68021410,$10.75,$11.04,$10.70,6,-0.000930233,4.67E-02,0
2/6/2018,$10.76,139857700,$10.27,$10.79,$10.19,6,-0.047711782,-4.73E-02,0
2/5/2018,$10.24,96362170,$10.78,$10.80,$10.24,6,0.050092764,-9.19E-03,0
2/2/2018,$10.71,72258140,$10.88,$10.88,$10.62,5,0.015625,-6.39E-03,1
2/1/2018,$10.92,41331940,$10.95,$11,$10.85,5,0.002739726,-1.26E-02,0
1/31/2018,$10.97,57586060,$11.09,$11.12,$10.90,5,0.010820559,0.00E+00,0
1/30/2018,$11.06,52050920,$11.09,$11.23,$11.05,5,0.00270514,-2.89E-02,0
1/29/2018,$11.12,55045440,$11.42,$11.47,$11.11,5,0.026269702,-1.47E-02,0
1/26/2018,$11.65,52394530,$11.59,$11.70,$11.50,4,-0.005176877,-2.85E-02,1
1/25/2018,$11.57,114687000,$11.93,$11.93,$11.44,4,0.030176027,-5.83E-03,0
1/24/2018,$12.05,64036680,$12,$12.09,$11.92,4,-0.004166667,-2.49E-03,0
1/23/2018,$11.96,51772850,$12.03,$12.03,$11.90,4,0.005818786,8.32E-04,0
1/22/2018,$12.02,52683950,$12.02,$12.08,$11.90,4,0,-8.25E-03,0
1/19/2018,$12,51160080,$12.12,$12.12,$11.91,3,0.00990099,-4.93E-03,1
1/18/2018,$12.07,66421450,$12.18,$12.20,$12.02,3,0.009031199,-3.18E-02,0
1/17/2018,$12.18,132363400,$12.58,$12.58,$12.10,3,0.031796502,-5.49E-02,0
1/16/2018,$13.10,53719390,$13.31,$13.48,$13.01,3,0.015777611,1.60E-02,0
1/12/2018,$13.23,56970630,$13.10,$13.29,$13.10,2,-0.009923664,6.14E-03,1
1/11/2018,$13.16,28336900,$13.02,$13.20,$13,2,-0.010752688,-3.06E-03,0
1/10/2018,$13.03,56502150,$13.06,$13.14,$12.96,2,0.00229709,-9.11E-03,0
1/9/2018,$13.08,27919320,$13.18,$13.22,$13.08,2,0.007587253,-2.27E-03,0
1/8/2018,$13.15,33230680,$13.21,$13.22,$13.11,2,0.004542014,1.15E-02,0
1/5/2018,$13.20,46121120,$13.06,$13.22,$13.04,1,-0.010719755,2.19E-02,1
1/4/2018,$12.98,37473130,$12.78,$13.04,$12.77,1,-0.015649452,7.89E-03,0
1/3/2018,$12.76,29764150,$12.68,$12.80,$12.67,1,-0.006309148,1.28E-02,0
1/2/2018,$12.66,20761970,$12.52,$12.66,$12.50,1,-0.011182109,-4.77E-03,0
12/29/2017,$12.49,18334110,$12.58,$12.61,$12.49,52,0.007154213,8.01E-03,1
12/28/2017,$12.58,14715230,$12.48,$12.58,$12.47,52,-0.008012821,-7.16E-03,0
12/27/2017,$12.50,16998030,$12.57,$12.58,$12.45,52,0.005568815,0.00E+00,0
12/26/2017,$12.60,11425540,$12.57,$12.65,$12.55,52,-0.002386635,-7.11E-03,0
12/22/2017,$12.58,17872090,$12.66,$12.66,$12.56,51,0.006319115,-6.28E-03,1
12/21/2017,$12.63,20967490,$12.74,$12.77,$12.63,51,0.008634223,1.57E-03,0
12/20/2017,$12.72,18984770,$12.72,$12.75,$12.65,51,0,7.87E-04,0
12/19/2017,$12.69,22365420,$12.71,$12.78,$12.66,51,0.001573564,3.95E-03,0
12/18/2017,$12.66,25019630,$12.66,$12.75,$12.61,51,0,1.20E-02,0
12/15/2017,$12.58,48643670,$12.51,$12.66,$12.50,50,-0.005595524,-1.11E-02,1
12/14/2017,$12.46,36675920,$12.65,$12.69,$12.41,50,0.015019763,3.17E-03,0
12/13/2017,$12.63,31855330,$12.61,$12.73,$12.59,50,-0.001586043,3.98E-03,0
12/12/2017,$12.60,53186550,$12.56,$12.64,$12.51,50,-0.003184713,-3.18E-03,0
12/11/2017,$12.58,42643720,$12.60,$12.63,$12.51,50,0.001587302,5.59E-03,0
12/8/2017,$12.61,21377590,$12.53,$12.61,$12.43,49,-0.006384677,1.09E-02,1
12/7/2017,$12.53,25409630,$12.40,$12.59,$12.33,49,-0.010891489,-4.03E-04,0
12/6/2017,$12.38,26868620,$12.40,$12.43,$12.28,49,0.001612903,-1.67E-02,0
12/5/2017,$12.43,45467200,$12.61,$12.62,$12.40,49,0.014274385,-3.16E-03,0
12/4/2017,$12.63,39426620,$12.65,$12.81,$12.59,49,0.001581028,2.38E-03,0
12/1/2017,$12.58,52444220,$12.62,$12.70,$12.35,48,0.003169572,7.18E-03,1
11/30/2017,$12.52,47030590,$12.53,$12.65,$12.42,48,0.000798085,2.37E-02,0
11/29/2017,$12.56,64782030,$12.24,$12.57,$12.23,48,-0.026143791,7.41E-03,0
11/28/2017,$12.21,33194270,$12.15,$12.24,$12.08,48,-0.004938272,4.96E-03,0
11/27/2017,$12.11,28520160,$12.09,$12.19,$12.06,48,-0.00165426,-8.26E-04,0
11/24/2017,$12.10,9549629,$12.10,$12.15,$12.03,47,0,-8.26E-04,1
11/22/2017,$12.07,36179180,$12.11,$12.15,$12.05,47,0.003303055,-2.47E-03,0
11/21/2017,$12.12,28448460,$12.14,$12.23,$12.12,47,0.001647446,9.14E-03,0
11/20/2017,$12.13,32289180,$12.03,$12.15,$12.02,47,-0.008312552,8.32E-04,0
11/17/2017,$12.01,31095460,$12.02,$12.06,$11.99,46,0.000831947,1.67E-03,1
11/16/2017,$12.04,28239950,$12,$12.05,$11.93,46,-0.003333333,2.51E-03,0
11/15/2017,$12,28368910,$11.97,$12.03,$11.87,46,-0.002506266,-1.07E-02,0
11/14/2017,$12.02,25874300,$12.10,$12.16,$11.99,46,0.00661157,7.49E-03,0
11/13/2017,$12.16,30414130,$12.01,$12.22,$11.97,46,-0.012489592,8.33E-04,0
11/10/2017,$12.01,35287550,$12,$12.09,$11.98,45,-0.000833333,-8.33E-04,1
11/9/2017,$12.04,26247030,$12.01,$12.05,$11.93,45,-0.002497918,-1.07E-02,0
11/8/2017,$12.06,34118340,$12.14,$12.16,$12.01,45,0.006589786,-1.70E-02,0
11/7/2017,$12.16,41526710,$12.35,$12.38,$12.11,45,0.015384615,-8.09E-04,0
11/6/2017,$12.33,20173140,$12.36,$12.43,$12.30,45,0.002427184,-4.03E-03,0
11/3/2017,$12.36,33180990,$12.41,$12.46,$12.32,44,0.004029009,6.49E-03,1
11/2/2017,$12.42,40920110,$12.33,$12.43,$12.26,44,-0.00729927,-5.65E-03,0
11/1/2017,$12.35,43445940,$12.40,$12.47,$12.28,44,0.004032258,2.06E-02,0
10/31/2017,$12.27,41975420,$12.15,$12.30,$12.13,44,-0.009876543,1.17E-02,0
10/30/2017,$12.10,36399390,$12.01,$12.15,$11.95,44,-0.007493755,-1.80E-02,0
10/27/2017,$12.06,33904990,$12.23,$12.24,$12.01,43,0.013900245,2.46E-03,1
10/26/2017,$12.27,48940260,$12.20,$12.34,$12.06,43,-0.005737705,4.12E-03,0
10/25/2017,$12.04,47638020,$12.15,$12.15,$11.97,43,0.009053498,3.30E-03,0
10/24/2017,$12.19,34124010,$12.11,$12.26,$12.09,43,-0.006606111,0.00E+00,0
10/23/2017,$12.04,21479060,$12.11,$12.19,$12.04,43,0.005780347,-8.25E-04,0
10/20/2017,$12.10,28166170,$12.12,$12.14,$12,42,0.001650165,-1.65E-03,1
10/19/2017,$12.23,29641850,$12.14,$12.25,$12.05,42,-0.007413509,-1.14E-02,0
10/18/2017,$12.19,30695500,$12.28,$12.35,$12.17,42,0.00732899,1.24E-02,0
10/17/2017,$12.27,55210520,$12.13,$12.31,$12.12,42,-0.011541632,1.17E-02,0
10/16/2017,$12.12,32344380,$11.99,$12.15,$11.96,42,-0.010842369,-5.80E-03,0
10/13/2017,$12.05,44569070,$12.06,$12.17,$11.87,41,0.000829187,-1.95E-02,1
10/12/2017,$12.12,46120360,$12.30,$12.32,$12.11,41,0.014634146,-6.46E-03,0
10/11/2017,$12.38,34723730,$12.38,$12.43,$12.31,41,0,3.24E-03,0
10/10/2017,$12.39,40580350,$12.34,$12.42,$12.25,41,-0.004051864,8.11E-04,0
10/9/2017,$12.34,28921420,$12.33,$12.41,$12.25,41,-0.00081103,1.07E-02,0
10/6/2017,$12.31,35021100,$12.20,$12.33,$12.19,40,-0.009016393,-1.14E-02,1
10/5/2017,$12.25,48135740,$12.34,$12.36,$12.15,40,0.007293355,8.11E-04,0
10/4/2017,$12.30,52849720,$12.33,$12.46,$12.28,40,0.00243309,8.12E-04,0
10/3/2017,$12.34,65603080,$12.32,$12.43,$12.22,40,-0.001623377,2.67E-02,0
10/2/2017,$12.09,35996000,$12,$12.09,$11.97,40,-0.0075,2.51E-03,0
9/29/2017,$11.97,31175580,$11.97,$12.02,$11.92,39,0,1.67E-03,1
9/28/2017,$11.96,22665140,$11.95,$11.99,$11.90,39,-0.00083682,-2.50E-03,0
9/27/2017,$11.95,27811530,$11.98,$12.02,$11.86,39,0.002504174,2.51E-03,0
9/26/2017,$11.93,30627220,$11.95,$12,$11.90,39,0.00167364,5.89E-03,0
9/25/2017,$11.94,40762930,$11.88,$12.06,$11.84,39,-0.005050505,1.19E-02,0
9/22/2017,$11.84,30193330,$11.74,$11.87,$11.72,38,-0.008517888,2.56E-03,1
9/21/2017,$11.72,40262740,$11.71,$11.82,$11.69,38,-0.000853971,2.57E-03,0
9/20/2017,$11.71,26234940,$11.68,$11.80,$11.64,38,-0.002568493,4.30E-03,0
9/19/2017,$11.72,26315680,$11.63,$11.74,$11.62,38,-0.007738607,0.00E+00,0
9/18/2017,$11.63,24903320,$11.63,$11.73,$11.60,38,0,7.80E-03,0
9/15/2017,$11.62,30400610,$11.54,$11.63,$11.49,37,-0.006932409,-5.17E-03,1
9/14/2017,$11.56,31616610,$11.60,$11.68,$11.48,37,0.003448276,0.00E+00,0
9/13/2017,$11.62,23185840,$11.60,$11.63,$11.52,37,-0.001724138,1.49E-02,0
9/12/2017,$11.59,41324190,$11.43,$11.67,$11.39,37,-0.01399825,2.63E-03,0
9/11/2017,$11.41,43312800,$11.40,$11.45,$11.38,37,-0.000877193,5.29E-03,0
9/8/2017,$11.36,26561350,$11.34,$11.39,$11.29,36,-0.001763668,-1.56E-02,1
9/7/2017,$11.40,30260630,$11.52,$11.52,$11.33,36,0.010416667,1.14E-02,0
9/6/2017,$11.50,43267990,$11.39,$11.53,$11.39,36,-0.009657594,2.64E-03,0
9/5/2017,$11.36,44137930,$11.36,$11.39,$11.24,36,0,1.61E-02,0
9/1/2017,$11.35,64383950,$11.18,$11.43,$11.14,35,-0.015205725,1.91E-02,1
8/31/2017,$11.03,54073940,$10.97,$11.20,$10.95,35,-0.005469462,1.39E-02,0
8/30/2017,$10.94,23527450,$10.82,$10.94,$10.77,35,-0.011090573,6.51E-03,0
8/29/2017,$10.84,29769490,$10.75,$10.89,$10.73,35,-0.008372093,-1.01E-02,0
8/28/2017,$10.79,22233820,$10.86,$10.88,$10.73,35,0.006445672,8.36E-03,0
8/25/2017,$10.82,35784530,$10.77,$10.88,$10.76,34,-0.004642526,1.86E-03,1
8/24/2017,$10.71,33553070,$10.75,$10.80,$10.69,34,0.00372093,1.32E-02,0
8/23/2017,$10.71,35397200,$10.61,$10.78,$10.59,34,-0.009425071,0.00E+00,0
8/22/2017,$10.65,28614200,$10.61,$10.73,$10.61,34,-0.003770028,7.60E-03,0
8/21/2017,$10.57,30110430,$10.53,$10.66,$10.52,34,-0.00379867,-8.48E-03,0
8/18/2017,$10.56,43987170,$10.62,$10.63,$10.47,33,0.005649718,-1.58E-02,1
8/17/2017,$10.64,35244490,$10.79,$10.80,$10.60,33,0.013901761,-6.45E-03,0
8/16/2017,$10.80,28284200,$10.86,$10.90,$10.78,33,0.005524862,-5.50E-03,0
8/15/2017,$10.84,29219730,$10.92,$11,$10.84,33,0.007326007,9.24E-03,0
8/14/2017,$10.91,26393050,$10.82,$10.95,$10.79,33,-0.00831793,2.78E-03,0
8/11/2017,$10.77,32297050,$10.79,$10.84,$10.76,32,0.001853568,-8.27E-03,1
8/10/2017,$10.77,31861210,$10.88,$10.91,$10.77,32,0.010110294,0.00E+00,0
8/9/2017,$10.92,32137100,$10.88,$10.95,$10.83,32,-0.003676471,-6.39E-03,0
8/8/2017,$10.89,26086100,$10.95,$11,$10.88,32,0.005479452,9.14E-04,0
8/7/2017,$10.92,35010930,$10.94,$10.98,$10.90,32,0.001828154,3.67E-03,0
8/4/2017,$10.95,29258640,$10.90,$10.99,$10.78,31,-0.004587156,-9.99E-03,1
8/3/2017,$10.93,20298210,$11.01,$11.05,$10.92,31,0.007266122,2.73E-03,0
8/2/2017,$11,30864360,$10.98,$11.03,$10.93,31,-0.001821494,-1.17E-02,0
8/1/2017,$10.95,65067100,$11.11,$11.15,$10.87,31,0.01440144,-4.48E-03,0
7/31/2017,$11.22,39537500,$11.16,$11.23,$11.13,31,-0.005376344,8.97E-04,0
7/28/2017,$11.17,24531000,$11.15,$11.22,$11.06,30,-0.001793722,6.32E-03,1
7/27/2017,$11.18,37982170,$11.08,$11.20,$11.03,30,-0.009025271,-5.39E-03,0
7/26/2017,$11.06,72186770,$11.14,$11.16,$10.95,30,0.007181329,-1.42E-02,0
7/25/2017,$11.27,52793530,$11.30,$11.38,$11.22,30,0.002654867,-1.83E-02,0
7/24/2017,$11.29,48097900,$11.51,$11.55,$11.27,30,0.019113814,-6.90E-03,0
7/21/2017,$11.53,27623560,$11.59,$11.62,$11.46,29,0.005176877,-8.55E-03,1
7/20/2017,$11.70,29913330,$11.69,$11.78,$11.66,29,-0.000855432,-5.95E-03,0
7/19/2017,$11.83,26207730,$11.76,$11.83,$11.74,29,-0.005952381,3.41E-03,0
7/18/2017,$11.75,24622830,$11.72,$11.75,$11.67,29,-0.002559727,8.54E-04,0
7/17/2017,$11.74,24381940,$11.71,$11.75,$11.65,29,-0.002561913,5.58E-03,0
7/14/2017,$11.68,39790700,$11.65,$11.73,$11.60,28,-0.003005582,1.61E-02,1
7/13/2017,$11.60,33635130,$11.46,$11.69,$11.45,28,-0.012216405,4.38E-03,0
7/12/2017,$11.47,33084480,$11.41,$11.62,$11.40,28,-0.005258545,8.84E-03,0
7/11/2017,$11.38,25909030,$11.31,$11.43,$11.30,28,-0.006189213,6.23E-03,0
7/10/2017,$11.34,18869010,$11.24,$11.35,$11.23,28,-0.008896797,2.68E-03,0
7/7/2017,$11.26,20521260,$11.21,$11.28,$11.16,27,-0.004460303,-7.09E-03,1
7/6/2017,$11.18,31932980,$11.29,$11.36,$11.17,27,0.009743136,-1.91E-02,0
7/5/2017,$11.30,39399520,$11.51,$11.56,$11.26,27,0.018245004,1.32E-02,0
7/3/2017,$11.56,43949590,$11.36,$11.69,$11.25,27,-0.017605634,1.61E-02,0
6/30/2017,$11.19,41068960,$11.18,$11.28,$11.16,26,-0.000894454,4.49E-03,1
6/29/2017,$11.17,32913660,$11.13,$11.20,$11.07,26,-0.00359389,1.80E-03,0
6/28/2017,$11.09,31813810,$11.11,$11.17,$11.07,26,0.00180018,-5.37E-03,0
6/27/2017,$11.08,28475040,$11.17,$11.20,$11.06,26,0.008057296,9.95E-03,0
6/26/2017,$11.18,31312600,$11.06,$11.20,$11.06,26,-0.01084991,-3.60E-03,0
6/23/2017,$11.04,45188680,$11.10,$11.13,$11,25,0.005405405,7.26E-03,1
6/22/2017,$11.13,26966120,$11.02,$11.18,$11,25,-0.009981851,-1.17E-02,0
6/21/2017,$11.04,36991430,$11.15,$11.15,$11,25,0.009865471,-5.35E-03,0
6/20/2017,$11.12,31860540,$11.21,$11.22,$11.09,25,0.008028546,8.93E-04,0
6/19/2017,$11.24,30510950,$11.20,$11.28,$11.18,25,-0.003571429,-3.56E-03,0
6/16/2017,$11.22,51459360,$11.24,$11.24,$11.07,24,0.001779359,8.07E-03,1
6/15/2017,$11.24,28426060,$11.15,$11.29,$11.14,24,-0.008071749,-1.15E-02,0
6/14/2017,$11.22,44359600,$11.28,$11.29,$11.06,24,0.005319149,-3.09E-03,0
6/13/2017,$11.27,29887170,$11.32,$11.35,$11.15,24,0.003977022,1.66E-02,0
6/12/2017,$11.28,38471080,$11.13,$11.36,$11.13,24,-0.013477089,3.61E-03,0
6/9/2017,$11.13,30273280,$11.09,$11.15,$11.01,23,-0.003606853,1.37E-02,1
6/8/2017,$11.10,40688970,$10.94,$11.10,$10.91,23,-0.014625229,-1.97E-02,0
6/7/2017,$11.07,37341980,$11.16,$11.19,$11.02,23,0.008064516,-2.68E-03,0
6/6/2017,$11.12,44538510,$11.19,$11.20,$11.05,23,0.006255585,-1.50E-02,0
6/5/2017,$11.25,42495830,$11.36,$11.36,$11.23,23,0.009683099,-5.25E-03,0
6/2/2017,$11.35,45919400,$11.42,$11.43,$11.24,22,0.006129597,1.51E-02,1
6/1/2017,$11.41,76684650,$11.25,$11.54,$11.10,22,-0.014222222,1.17E-02,0
5/31/2017,$11.12,36448870,$11.12,$11.13,$11,22,0,1.09E-02,0
5/30/2017,$11.08,36035310,$11,$11.12,$10.99,22,-0.007272727,1.38E-02,0
5/26/2017,$10.93,28163580,$10.85,$10.95,$10.81,21,-0.007373272,-1.00E-02,1
5/25/2017,$10.86,46214250,$10.96,$10.97,$10.76,21,0.009124088,-9.04E-03,0
5/24/2017,$10.96,46686840,$11.06,$11.06,$10.87,21,0.009041591,-8.96E-03,0
5/23/2017,$11.05,40802880,$11.16,$11.17,$10.97,21,0.009856631,4.50E-03,0
5/22/2017,$11.10,73197740,$11.11,$11.13,$10.98,21,0.00090009,2.78E-02,0
5/19/2017,$10.87,32358860,$10.81,$10.94,$10.79,20,-0.005550416,7.46E-03,1
5/18/2017,$10.79,37845810,$10.73,$10.82,$10.70,20,-0.005591799,-1.38E-02,0
5/17/2017,$10.76,54630160,$10.88,$10.95,$10.67,20,0.011029412,-1.63E-02,0
5/16/2017,$10.94,42091480,$11.06,$11.07,$10.90,20,0.01084991,9.12E-03,0
5/15/2017,$10.94,27303480,$10.96,$11.03,$10.92,20,0.001824818,-3.64E-03,0
5/12/2017,$10.92,34257390,$11,$11.03,$10.90,19,0.007272727,-3.62E-03,1
5/11/2017,$11.01,29233230,$11.04,$11.07,$10.97,19,0.002717391,-1.08E-02,0
5/10/2017,$11.04,34978210,$11.16,$11.20,$11.03,19,0.010752688,1.80E-03,0
5/9/2017,$11.16,44132230,$11.14,$11.26,$11.10,19,-0.001795332,-3.58E-03,0
5/8/2017,$11.13,35445840,$11.18,$11.24,$11.09,19,0.004472272,1.54E-02,0
5/5/2017,$11.14,28853280,$11.01,$11.16,$10.98,18,-0.011807448,-7.21E-03,1
5/4/2017,$11,34552240,$11.09,$11.11,$10.96,18,0.008115419,1.56E-02,0
5/3/2017,$11.07,57273320,$10.92,$11.09,$10.91,18,-0.013736264,-3.36E-02,0
5/2/2017,$10.92,94400180,$11.30,$11.37,$10.90,18,0.033628319,-1.65E-02,0
5/1/2017,$11.42,32109290,$11.49,$11.54,$11.40,18,0.006092254,-1.74E-03,0
4/28/2017,$11.47,41412480,$11.51,$11.51,$11.40,17,0.003475239,-1.29E-02,1
4/27/2017,$11.47,50133620,$11.66,$11.68,$11.34,17,0.016295026,1.66E-02,0
4/26/2017,$11.60,51676250,$11.47,$11.70,$11.45,17,-0.011333915,0.00E+00,0
4/25/2017,$11.48,35855450,$11.47,$11.50,$11.43,17,-0.00087184,-8.71E-04,0
4/24/2017,$11.43,37983850,$11.48,$11.50,$11.36,17,0.004355401,1.75E-03,0
4/21/2017,$11.34,26014500,$11.46,$11.48,$11.32,16,0.010471204,1.87E-02,1
4/20/2017,$11.47,49977580,$11.25,$11.50,$11.24,16,-0.019555556,5.36E-03,0
4/19/2017,$11.19,37511510,$11.19,$11.28,$11.17,16,0,3.59E-03,0
4/18/2017,$11.14,35649430,$11.15,$11.18,$11.08,16,0.000896861,-6.24E-03,0
4/17/2017,$11.28,44137190,$11.22,$11.30,$11.14,16,-0.005347594,0.00E+00,0
4/13/2017,$11.11,32709870,$11.22,$11.25,$11.11,15,0.009803922,-4.44E-03,1
4/12/2017,$11.23,56548080,$11.27,$11.30,$11.20,15,0.003549246,0.00E+00,0
4/11/2017,$11.28,36334420,$11.27,$11.28,$11.17,15,-0.000887311,8.88E-04,0
4/10/2017,$11.25,25847060,$11.26,$11.35,$11.24,15,0.000888099,0.00E+00,0
4/7/2017,$11.23,28851970,$11.26,$11.31,$11.21,14,0.002664298,-8.87E-04,1
4/6/2017,$11.27,36157290,$11.27,$11.36,$11.22,14,0,-1.83E-02,0
4/5/2017,$11.26,43249680,$11.48,$11.50,$11.25,14,0.019163763,8.79E-03,0
4/4/2017,$11.37,40055090,$11.38,$11.48,$11.28,14,0.000878735,-2.23E-02,0
4/3/2017,$11.44,65607750,$11.64,$11.64,$11.28,14,0.017182131,-1.72E-03,0
3/31/2017,$11.64,26650580,$11.66,$11.68,$11.60,13,0.001715266,-8.57E-04,1
3/30/2017,$11.68,27989310,$11.67,$11.74,$11.61,13,-0.000856898,-5.12E-03,0
3/29/2017,$11.68,35780180,$11.73,$11.76,$11.64,13,0.004262575,1.91E-02,0
3/28/2017,$11.65,57614450,$11.51,$11.80,$11.48,13,-0.012163336,0.00E+00,0
3/27/2017,$11.46,57679810,$11.51,$11.55,$11.41,13,0.004344049,-1.29E-02,0
3/24/2017,$11.62,43738140,$11.66,$11.77,$11.55,12,0.003430532,7.78E-03,1
3/23/2017,$11.67,71159460,$11.57,$11.75,$11.50,12,-0.008643042,-1.78E-02,0
3/22/2017,$11.77,71049850,$11.78,$11.83,$11.62,12,0.000848896,-4.23E-02,0
3/21/2017,$11.72,101452800,$12.30,$12.32,$11.70,12,0.047154472,-1.44E-02,0
3/20/2017,$12.28,45316750,$12.48,$12.49,$12.25,12,0.016025641,-2.04E-02,0
3/17/2017,$12.48,54902300,$12.74,$12.74,$12.45,11,0.020408163,7.12E-03,1
3/16/2017,$12.70,28864750,$12.65,$12.72,$12.59,11,-0.003952569,7.17E-03,0
3/15/2017,$12.65,34188490,$12.56,$12.65,$12.52,11,-0.007165605,4.00E-03,0
3/14/2017,$12.55,26937950,$12.51,$12.56,$12.45,11,-0.003197442,-3.98E-03,0
3/13/2017,$12.54,22601730,$12.56,$12.63,$12.50,11,0.001592357,7.97E-04,0
3/10/2017,$12.53,34854540,$12.55,$12.63,$12.47,10,0.001593625,7.97E-04,1
3/9/2017,$12.50,29143480,$12.54,$12.54,$12.40,10,0.003189793,3.20E-03,0
3/8/2017,$12.53,27320090,$12.50,$12.64,$12.46,10,-0.0024,-7.99E-04,0
3/7/2017,$12.46,25873630,$12.51,$12.53,$12.42,10,0.003996803,-5.56E-03,0
3/6/2017,$12.52,28713380,$12.58,$12.60,$12.50,10,0.004769475,-6.32E-03,0
3/3/2017,$12.65,30456920,$12.66,$12.71,$12.53,9,0.000789889,-4.72E-03,1
3/2/2017,$12.66,33214620,$12.72,$12.75,$12.58,9,0.004716981,4.74E-03,0
3/1/2017,$12.69,36173030,$12.66,$12.75,$12.65,9,-0.002369668,2.38E-03,0
2/28/2017,$12.53,36082580,$12.63,$12.66,$12.45,9,0.007917656,1.12E-02,0
2/27/2017,$12.66,41667790,$12.49,$12.68,$12.43,9,-0.013610889,-1.60E-03,0
2/24/2017,$12.47,40816790,$12.51,$12.51,$12.38,8,0.003197442,-1.50E-02,1
2/23/2017,$12.56,22466600,$12.70,$12.72,$12.55,8,0.011023622,3.16E-03,0
2/22/2017,$12.67,24775780,$12.66,$12.77,$12.65,8,-0.000789889,3.97E-03,0
2/21/2017,$12.69,29152720,$12.61,$12.72,$12.61,8,-0.006344171,8.80E-03,0
2/17/2017,$12.58,26401670,$12.50,$12.58,$12.42,7,-0.0064,-8.72E-03,1
2/16/2017,$12.54,22876960,$12.61,$12.64,$12.48,7,0.00555115,-7.92E-04,0
2/15/2017,$12.63,25108060,$12.62,$12.64,$12.55,7,-0.000792393,-1.58E-03,0
2/14/2017,$12.65,28347240,$12.64,$12.70,$12.59,7,-0.000791139,7.97E-03,0
2/13/2017,$12.56,24456450,$12.54,$12.62,$12.48,7,-0.001594896,8.04E-03,0
2/10/2017,$12.51,32987190,$12.44,$12.51,$12.37,6,-0.00562701,3.23E-03,1
2/9/2017,$12.38,32566130,$12.40,$12.47,$12.35,6,0.001612903,4.86E-03,0
2/8/2017,$12.38,26393160,$12.34,$12.45,$12.27,6,-0.003241491,-1.28E-02,0
2/7/2017,$12.34,32954310,$12.50,$12.52,$12.31,6,0.0128,-3.98E-03,0
2/6/2017,$12.52,26907020,$12.55,$12.62,$12.46,6,0.002390438,1.05E-02,0
2/3/2017,$12.56,38207480,$12.42,$12.62,$12.39,5,-0.011272142,9.76E-03,1
2/2/2017,$12.28,29023260,$12.30,$12.37,$12.23,5,0.001626016,-1.21E-02,0
2/1/2017,$12.32,44387400,$12.45,$12.58,$12.22,5,0.010441767,1.14E-02,0
1/31/2017,$12.36,46958240,$12.31,$12.39,$12.19,5,-0.004061738,-1.20E-02,0
1/30/2017,$12.37,39249630,$12.46,$12.46,$12.28,5,0.007223114,-1.60E-03,0
1/27/2017,$12.49,34550430,$12.48,$12.54,$12.38,4,-0.000801282,-1.34E-02,1
1/26/2017,$12.37,55563500,$12.65,$12.68,$12.35,4,0.022134387,-4.72E-03,0
1/25/2017,$12.79,46628120,$12.71,$12.80,$12.64,4,-0.006294256,2.92E-02,0
1/24/2017,$12.61,34596950,$12.35,$12.61,$12.34,4,-0.021052632,0.00E+00,0
1/23/2017,$12.31,31657120,$12.35,$12.38,$12.22,4,0.003238866,-8.03E-03,0
1/20/2017,$12.36,29232700,$12.45,$12.48,$12.31,3,0.007228916,4.03E-03,1
1/19/2017,$12.43,30123470,$12.40,$12.56,$12.34,3,-0.002419355,-2.41E-03,0
1/18/2017,$12.41,33818930,$12.43,$12.45,$12.30,3,0.00160901,-1.74E-02,0
1/17/2017,$12.61,49017720,$12.65,$12.73,$12.54,3,0.003162055,2.38E-03,0
1/13/2017,$12.63,29068660,$12.62,$12.67,$12.50,2,-0.000792393,-3.16E-03,1
1/12/2017,$12.59,36480770,$12.66,$12.68,$12.35,2,0.005529226,-3.93E-03,0
1/11/2017,$12.67,49638680,$12.71,$12.72,$12.51,2,0.003147128,7.87E-04,0
1/10/2017,$12.85,58621350,$12.70,$13.02,$12.66,2,-0.011811024,-7.04E-03,0
1/9/2017,$12.63,39256960,$12.79,$12.86,$12.63,2,0.012509773,-7.81E-04,0
1/6/2017,$12.76,40303150,$12.80,$12.84,$12.64,1,0.003125,-3.10E-02,1
1/5/2017,$12.77,75604190,$13.21,$13.22,$12.63,1,0.0333081,3.45E-02,0
1/4/2017,$13.17,77545660,$12.77,$13.27,$12.74,1,-0.031323414,4.67E-02,0
1/3/2017,$12.59,40485960,$12.20,$12.60,$12.13,1,-0.031967213,-3.27E-03,0
12/30/2016,$12.13,27393030,$12.24,$12.28,$12.08,53,0.008986928,-8.16E-04,1
12/29/2016,$12.23,19803670,$12.25,$12.31,$12.22,53,0.001632653,-9.70E-03,0
12/28/2016,$12.25,26683880,$12.37,$12.45,$12.22,53,0.009700889,-4.83E-03,0
12/27/2016,$12.39,19409680,$12.43,$12.51,$12.36,53,0.003218021,0.00E+00,0
12/23/2016,$12.46,15616570,$12.43,$12.46,$12.36,52,-0.002413516,-1.58E-02,1
12/22/2016,$12.40,27605090,$12.63,$12.64,$12.40,52,0.01821061,-7.86E-03,0
12/21/2016,$12.64,18061470,$12.73,$12.77,$12.64,52,0.007069914,2.36E-03,0
12/20/2016,$12.78,17774440,$12.70,$12.82,$12.68,52,-0.006299213,8.74E-03,0
12/19/2016,$12.66,22828880,$12.59,$12.80,$12.59,52,-0.005559968,-5.53E-03,0
12/16/2016,$12.63,28348660,$12.66,$12.70,$12.56,51,0.002369668,9.57E-03,1
12/15/2016,$12.58,23709460,$12.54,$12.72,$12.52,51,-0.003189793,-8.70E-03,0
12/14/2016,$12.53,42689570,$12.65,$12.79,$12.50,51,0.009486166,-1.48E-02,0
12/13/2016,$12.77,39223940,$12.84,$12.88,$12.75,51,0.005451713,-1.84E-02,0
12/12/2016,$12.82,39551450,$13.08,$13.10,$12.81,51,0.019877676,6.15E-03,0
12/9/2016,$13.17,45245390,$13,$13.20,$12.91,50,-0.013076923,-5.36E-03,1
12/8/2016,$13.03,41457410,$13.07,$13.15,$12.97,50,0.003060444,3.81E-02,0
12/7/2016,$13.06,58579820,$12.59,$13.15,$12.54,50,-0.037331215,1.53E-02,0
12/6/2016,$12.56,23916500,$12.40,$12.59,$12.37,50,-0.012903226,7.31E-03,0
12/5/2016,$12.44,36152100,$12.31,$12.50,$12.29,50,-0.01056052,-2.15E-02,0
12/2/2016,$12.24,38620310,$12.58,$12.58,$12.15,49,0.027027027,2.86E-02,1
12/1/2016,$12.43,95091040,$12.23,$12.80,$12.18,49,-0.01635323,2.17E-02,0
11/30/2016,$11.96,47645110,$11.97,$12.14,$11.92,49,0.000835422,3.35E-03,0
11/29/2016,$11.92,23655080,$11.93,$12,$11.87,49,0.000838223,-7.49E-03,0
11/28/2016,$11.92,24313440,$12.02,$12.05,$11.89,49,0.008319468,5.86E-03,0
11/25/2016,$12.04,11439550,$11.95,$12.06,$11.93,48,-0.007531381,4.20E-03,1
11/23/2016,$11.90,22415000,$11.90,$12,$11.85,48,0,1.19E-02,0
11/22/2016,$11.89,24221200,$11.76,$11.91,$11.73,48,-0.011054422,-8.50E-04,0
11/21/2016,$11.79,19482170,$11.77,$11.90,$11.77,48,-0.001699235,-8.43E-03,0
11/18/2016,$11.76,30657740,$11.87,$11.90,$11.73,47,0.00926706,-2.52E-03,1
11/17/2016,$11.87,38471690,$11.90,$11.96,$11.78,47,0.002521008,-8.33E-03,0
11/16/2016,$12,25189380,$12,$12.05,$11.92,47,0,-4.98E-03,0
11/15/2016,$12.04,31465180,$12.06,$12.14,$11.95,47,0.001658375,-1.71E-02,0
11/14/2016,$12.06,56078610,$12.27,$12.50,$12.02,47,0.017114914,3.28E-02,0
11/11/2016,$12.28,79196210,$11.88,$12.40,$11.84,46,-0.033670034,2.59E-02,1
11/10/2016,$11.94,52700190,$11.58,$11.98,$11.58,46,-0.031088083,3.86E-02,0
11/9/2016,$11.58,60585910,$11.15,$11.63,$11.07,46,-0.038565022,-3.04E-02,0
11/8/2016,$11.48,28483230,$11.50,$11.51,$11.35,46,0.00173913,-1.74E-03,0
11/7/2016,$11.58,25113380,$11.52,$11.62,$11.39,46,-0.005208333,1.86E-02,0
11/4/2016,$11.34,24724800,$11.31,$11.50,$11.30,45,-0.00265252,-7.02E-03,1
11/3/2016,$11.35,38643840,$11.39,$11.46,$11.27,45,0.003511853,-1.04E-02,0
11/2/2016,$11.40,36179870,$11.51,$11.56,$11.36,45,0.009556907,-2.29E-02,0
11/1/2016,$11.61,35608160,$11.78,$11.84,$11.50,45,0.014431239,2.55E-03,0
10/31/2016,$11.74,31839370,$11.75,$11.81,$11.69,45,0.000851064,8.52E-04,0
10/28/2016,$11.72,37107860,$11.74,$11.85,$11.63,44,0.001703578,-5.93E-03,1
10/27/2016,$11.74,48351230,$11.81,$11.83,$11.60,44,0.00592718,8.48E-04,0
10/26/2016,$11.88,36086900,$11.80,$11.93,$11.76,44,-0.006779661,-2.08E-02,0
10/25/2016,$11.85,42439510,$12.05,$12.10,$11.76,44,0.01659751,-8.29E-04,0
10/24/2016,$12.19,33686330,$12.06,$12.20,$12.06,44,-0.010779436,1.09E-02,0
10/21/2016,$12.02,24333860,$11.93,$12.04,$11.85,43,-0.007544007,-7.49E-03,1
10/20/2016,$11.97,18055650,$12.02,$12.03,$11.90,43,0.004159734,1.09E-02,0
10/19/2016,$12.01,26066630,$11.89,$12.05,$11.88,43,-0.010092515,-2.52E-03,0
10/18/2016,$11.89,39882820,$11.92,$11.93,$11.71,43,0.002516779,8.40E-04,0
10/17/2016,$11.88,19871180,$11.91,$12,$11.88,43,0.002518892,-4.18E-03,0
10/14/2016,$11.91,25766150,$11.96,$12,$11.89,42,0.004180602,4.20E-03,1
10/13/2016,$11.91,39876170,$11.91,$11.91,$11.69,42,0,-7.50E-03,0
10/12/2016,$11.96,20616640,$12,$12.01,$11.94,42,0.003333333,-1.40E-02,0
10/11/2016,$11.99,39992310,$12.17,$12.17,$11.91,42,0.014790468,-1.46E-02,0
10/10/2016,$12.12,24937110,$12.35,$12.38,$12.10,42,0.018623482,-3.23E-03,0
10/7/2016,$12.29,22071310,$12.39,$12.42,$12.20,41,0.008071025,-3.22E-03,1
10/6/2016,$12.39,25850520,$12.43,$12.51,$12.33,41,0.003218021,1.72E-02,0
10/5/2016,$12.48,55472510,$12.22,$12.53,$12.22,41,-0.021276596,9.08E-03,0
10/4/2016,$12.20,23903510,$12.11,$12.25,$12.09,41,-0.007431874,4.15E-03,0
10/3/2016,$12.10,20678760,$12.06,$12.15,$12.02,41,-0.00331675,5.00E-03,0
9/30/2016,$12.07,34903140,$12,$12.14,$11.99,40,-0.005833333,-2.49E-03,1
9/29/2016,$11.97,23382560,$12.03,$12.12,$11.95,40,0.004987531,8.32E-04,0
9/28/2016,$12.09,29324740,$12.02,$12.09,$11.96,40,-0.005823627,0.00E+00,0
9/27/2016,$11.98,28955020,$12.02,$12.09,$11.93,40,0.003327787,-8.25E-03,0
9/26/2016,$12.01,26718610,$12.12,$12.12,$12,40,0.009075908,0.00E+00,0
9/23/2016,$12.17,18955980,$12.12,$12.22,$12.12,39,-0.004125413,-4.11E-03,1
9/22/2016,$12.18,36127690,$12.17,$12.29,$12.16,39,-0.000821693,7.45E-03,0
9/21/2016,$12.09,32924810,$12.08,$12.11,$12.01,39,-0.000827815,-8.27E-04,0
9/20/2016,$12,37798250,$12.09,$12.19,$11.96,39,0.007444169,-2.48E-03,0
9/19/2016,$12.11,41122960,$12.12,$12.33,$12.06,39,0.000825083,5.81E-03,0
9/16/2016,$12.11,26270590,$12.05,$12.13,$12.01,38,-0.004979253,-7.41E-03,1
9/15/2016,$12.11,57348390,$12.14,$12.18,$12.06,38,0.00247117,-3.28E-03,0
9/14/2016,$12.14,62393730,$12.18,$12.31,$12.11,38,0.003284072,-2.79E-02,0
9/13/2016,$12.38,56492350,$12.53,$12.68,$12.33,38,0.011971269,1.71E-02,0
9/12/2016,$12.70,42625070,$12.32,$12.77,$12.28,38,-0.030844156,-2.30E-02,0
9/9/2016,$12.38,35670880,$12.61,$12.69,$12.38,37,0.018239492,8.80E-03,1
9/8/2016,$12.73,34010960,$12.50,$12.75,$12.50,37,-0.0184,-9.51E-03,0
9/7/2016,$12.70,22872420,$12.62,$12.75,$12.62,37,-0.006339144,1.04E-02,0
9/6/2016,$12.67,36033340,$12.49,$12.67,$12.43,37,-0.014411529,-3.19E-03,0
9/2/2016,$12.50,21075290,$12.53,$12.57,$12.46,36,0.002394254,-1.03E-02,1
9/1/2016,$12.44,40472820,$12.66,$12.72,$12.35,36,0.017377567,1.44E-02,0
8/31/2016,$12.60,26029640,$12.48,$12.61,$12.48,36,-0.009615385,1.61E-03,0
8/30/2016,$12.55,25944360,$12.46,$12.56,$12.43,36,-0.007223114,6.46E-03,0
8/29/2016,$12.47,22238740,$12.38,$12.50,$12.38,36,-0.00726979,-7.22E-03,0
8/26/2016,$12.38,22636150,$12.47,$12.55,$12.34,35,0.007217322,1.38E-02,1
8/25/2016,$12.47,44705020,$12.30,$12.52,$12.21,35,-0.013821138,-8.86E-03,0
8/24/2016,$12.30,19994800,$12.41,$12.44,$12.28,35,0.00886382,8.07E-04,0
8/23/2016,$12.42,34630480,$12.40,$12.43,$12.33,35,-0.001612903,4.05E-03,0
8/22/2016,$12.36,22457320,$12.35,$12.38,$12.29,35,-0.000809717,4.07E-03,0
8/19/2016,$12.39,21888590,$12.30,$12.41,$12.25,34,-0.007317073,-2.43E-03,1
8/18/2016,$12.33,23616020,$12.33,$12.36,$12.27,34,0,0.00E+00,0
8/17/2016,$12.39,23430690,$12.33,$12.39,$12.23,34,-0.00486618,-1.62E-03,0
8/16/2016,$12.34,20427580,$12.35,$12.43,$12.33,34,0.000809717,-1.62E-03,0
8/15/2016,$12.43,16364390,$12.37,$12.44,$12.36,34,-0.004850445,6.51E-03,0
8/12/2016,$12.33,18814570,$12.29,$12.37,$12.25,33,-0.003254679,-1.63E-03,1
8/11/2016,$12.31,24972890,$12.31,$12.37,$12.26,33,0,8.13E-04,0
8/10/2016,$12.25,24522770,$12.30,$12.36,$12.23,33,0.004065041,1.15E-02,0
8/9/2016,$12.31,30042770,$12.16,$12.38,$12.15,33,-0.012335526,-4.91E-03,0
8/8/2016,$12.18,33262950,$12.22,$12.33,$12.15,33,0.003273322,4.93E-03,0
8/5/2016,$12.19,31212540,$12.16,$12.26,$12.16,32,-0.002467105,3.30E-03,1
8/4/2016,$12.08,38428130,$12.12,$12.23,$12.05,32,0.00330033,8.32E-03,0
8/3/2016,$12.13,47300390,$12.02,$12.20,$11.94,32,-0.009151414,-2.67E-02,0
8/2/2016,$11.94,101534600,$12.35,$12.36,$11.90,32,0.033198381,-2.06E-02,0
8/1/2016,$12.48,51951440,$12.61,$12.62,$12.40,32,0.010309278,0.00E+00,0
7/29/2016,$12.66,59737090,$12.61,$12.88,$12.60,31,-0.003965107,-1.33E-02,1
7/28/2016,$12.71,142032000,$12.78,$12.86,$12.45,31,0.005477308,-7.79E-02,0
7/27/2016,$13.84,34591260,$13.86,$13.99,$13.75,31,0.001443001,9.47E-03,0
7/26/2016,$13.86,28466680,$13.73,$13.88,$13.69,31,-0.009468318,-9.38E-03,0
7/25/2016,$13.83,26203000,$13.86,$13.95,$13.76,31,0.002164502,-4.31E-03,0
7/22/2016,$13.84,25127400,$13.92,$13.93,$13.71,30,0.005747126,3.61E-03,1
7/21/2016,$13.92,40768470,$13.87,$14.04,$13.86,30,-0.003604903,1.91E-02,0
7/20/2016,$13.74,22571650,$13.61,$13.78,$13.56,30,-0.0095518,3.69E-03,0
7/19/2016,$13.65,26137950,$13.56,$13.72,$13.50,30,-0.006637168,0.00E+00,0
7/18/2016,$13.65,22545910,$13.56,$13.68,$13.42,30,-0.006637168,-5.14E-03,0
7/15/2016,$13.57,19520090,$13.63,$13.67,$13.53,29,0.004402054,4.42E-03,1
7/14/2016,$13.59,31669160,$13.57,$13.70,$13.55,29,-0.001473839,5.93E-03,0
7/13/2016,$13.48,26754380,$13.49,$13.51,$13.31,29,0.00074129,8.22E-03,0
7/12/2016,$13.45,31314810,$13.38,$13.54,$13.38,29,-0.005231689,1.60E-02,0
7/11/2016,$13.27,28595040,$13.17,$13.33,$13.13,29,-0.007593014,2.17E-02,0
7/8/2016,$13.09,45928680,$12.89,$13.17,$12.89,28,-0.015515904,2.55E-02,1
7/7/2016,$12.75,32253650,$12.57,$12.84,$12.57,28,-0.014319809,2.03E-02,0
7/6/2016,$12.57,35082890,$12.32,$12.58,$12.21,28,-0.020292208,-1.99E-02,0
7/5/2016,$12.40,30185520,$12.57,$12.59,$12.31,28,0.013524264,-2.41E-02,0
7/1/2016,$12.72,45063840,$12.88,$12.89,$12.69,27,0.01242236,2.55E-02,1
6/30/2016,$12.57,44975430,$12.56,$12.57,$12.26,27,-0.000796178,5.60E-03,0
6/29/2016,$12.55,31924410,$12.49,$12.58,$12.36,27,-0.004803843,5.64E-03,0
6/28/2016,$12.39,40591680,$12.42,$12.44,$12.21,27,0.002415459,-8.05E-04,0
6/27/2016,$12.16,52755190,$12.43,$12.43,$12,27,0.021721641,-2.82E-02,0
6/24/2016,$12.52,96699620,$12.79,$12.91,$12.45,26,0.021110242,-3.76E-02,1
6/23/2016,$13.40,24467380,$13.29,$13.41,$13.28,26,-0.0082769,4.54E-03,0
6/22/2016,$13.18,20660190,$13.23,$13.31,$13.15,26,0.003779289,-1.56E-02,0
6/21/2016,$13.22,36711600,$13.44,$13.44,$13.18,26,0.016369048,3.73E-03,0
6/20/2016,$13.42,29665130,$13.39,$13.55,$13.39,26,-0.002240478,1.75E-02,0
6/17/2016,$13.26,37330930,$13.16,$13.40,$13.15,25,-0.007598784,1.78E-02,1
6/16/2016,$13.12,26564030,$12.93,$13.14,$12.85,25,-0.014694509,1.55E-03,0
6/15/2016,$13.01,25827670,$12.91,$13.16,$12.88,25,-0.007745933,-6.16E-03,0
6/14/2016,$12.84,30541610,$12.99,$13.07,$12.76,25,0.011547344,-6.12E-03,0
6/13/2016,$12.98,20739160,$13.07,$13.13,$12.96,25,0.006885998,-7.59E-03,0
6/10/2016,$13.10,27381780,$13.17,$13.25,$13.05,24,0.00531511,-6.79E-03,1
6/9/2016,$13.26,19873570,$13.26,$13.30,$13.14,24,0,-1.41E-02,0
6/8/2016,$13.36,18080220,$13.45,$13.49,$13.35,24,0.00669145,1.66E-02,0
6/7/2016,$13.38,27625550,$13.23,$13.45,$13.18,24,-0.011337868,1.15E-02,0
6/6/2016,$13.18,25582890,$13.08,$13.21,$13.04,24,-0.00764526,-4.57E-03,0
6/3/2016,$13.04,39849640,$13.14,$13.14,$12.90,23,0.00761035,3.82E-03,1
6/2/2016,$13.21,41612310,$13.09,$13.32,$13.05,23,-0.009167303,-2.53E-02,0
6/1/2016,$13.11,58210620,$13.43,$13.44,$12.97,23,0.023827252,-4.45E-03,0
5/31/2016,$13.49,26091200,$13.49,$13.56,$13.40,23,0,7.42E-04,0
5/27/2016,$13.45,17251540,$13.48,$13.54,$13.40,22,0.002225519,-8.09E-03,1
5/26/2016,$13.46,18363840,$13.59,$13.68,$13.37,22,0.009565857,1.95E-02,0
5/25/2016,$13.52,26188300,$13.33,$13.60,$13.33,22,-0.014253563,1.29E-02,0
5/24/2016,$13.29,19663080,$13.16,$13.30,$13.16,22,-0.009878419,1.52E-03,0
5/23/2016,$13.13,16229780,$13.14,$13.20,$13.11,22,0.000761035,-7.61E-04,0
5/20/2016,$13.19,19462800,$13.15,$13.26,$13.13,21,-0.003041825,3.82E-03,1
5/19/2016,$13.09,23809030,$13.10,$13.20,$13.02,21,0.000763359,-1.52E-03,0
5/18/2016,$13.16,23508710,$13.12,$13.34,$13.05,21,-0.00304878,-1.52E-03,0
5/17/2016,$13.14,34154850,$13.14,$13.31,$13.07,21,0,-6.05E-03,0
5/16/2016,$13.32,21232700,$13.22,$13.38,$13.21,21,-0.007564297,-9.00E-03,0
5/13/2016,$13.22,27451880,$13.34,$13.52,$13.17,20,0.008995502,-4.48E-03,1
5/12/2016,$13.35,24781230,$13.40,$13.47,$13.17,20,0.003731343,-2.98E-03,0
5/11/2016,$13.32,20185700,$13.44,$13.54,$13.30,20,0.008928571,4.48E-03,0
5/10/2016,$13.49,23582870,$13.38,$13.52,$13.38,20,-0.008221226,-2.98E-03,0
5/9/2016,$13.32,21535630,$13.42,$13.50,$13.28,20,0.007451565,1.21E-02,0
5/6/2016,$13.44,23283250,$13.26,$13.48,$13.24,19,-0.013574661,-6.74E-03,1
5/5/2016,$13.32,23803420,$13.35,$13.43,$13.22,19,0.002247191,4.52E-03,0
5/4/2016,$13.31,28891590,$13.29,$13.38,$13.14,19,-0.001504891,-1.56E-02,0
5/3/2016,$13.43,45575880,$13.50,$13.55,$13.15,19,0.005185185,-1.24E-02,0
5/2/2016,$13.62,57926220,$13.67,$13.79,$13.60,19,0.003657644,-1.87E-02,0
4/29/2016,$13.56,69624230,$13.93,$14.03,$13.53,18,0.026561378,1.02E-02,1
4/28/2016,$14.09,87571540,$13.79,$14.22,$13.71,18,-0.021754895,1.10E-02,0
4/27/2016,$13.66,27112710,$13.64,$13.71,$13.59,18,-0.001466276,-1.46E-03,0
4/26/2016,$13.75,35196910,$13.66,$13.82,$13.63,18,-0.00658858,5.15E-03,0
4/25/2016,$13.58,19493860,$13.59,$13.65,$13.47,18,0.000735835,-2.94E-03,0
4/22/2016,$13.61,28840040,$13.63,$13.78,$13.51,17,0.001467351,-1.30E-02,1
4/21/2016,$13.65,38083480,$13.81,$13.88,$13.56,17,0.011585807,2.91E-02,0
4/20/2016,$13.64,32152820,$13.42,$13.72,$13.40,17,-0.016393443,5.24E-03,0
4/19/2016,$13.44,28807110,$13.35,$13.50,$13.28,17,-0.006741573,2.85E-02,0
4/18/2016,$13.25,30111040,$12.98,$13.28,$12.95,17,-0.020801233,-9.16E-03,0
4/15/2016,$12.94,22569270,$13.10,$13.12,$12.85,16,0.01221374,7.64E-04,1
4/14/2016,$13.09,22436780,$13.09,$13.18,$13.02,16,0,1.71E-02,0
4/13/2016,$13.06,29327450,$12.87,$13.12,$12.85,16,-0.014763015,1.18E-02,0
4/12/2016,$12.81,23386680,$12.72,$12.84,$12.66,16,-0.007075472,8.72E-03,0
4/11/2016,$12.66,27679620,$12.61,$12.80,$12.58,16,-0.003965107,-7.92E-04,0
4/8/2016,$12.55,20006450,$12.62,$12.78,$12.51,15,0.005546751,-1.18E-02,1
4/7/2016,$12.52,37635170,$12.77,$12.79,$12.39,15,0.019577134,1.57E-03,0
4/6/2016,$12.82,22587050,$12.75,$12.87,$12.65,15,-0.005490196,1.57E-03,0
4/5/2016,$12.77,32416020,$12.73,$12.85,$12.52,15,-0.003142184,-2.90E-02,0
4/4/2016,$12.80,42339840,$13.11,$13.12,$12.76,15,0.023646072,-1.28E-02,0
4/1/2016,$13.10,57863680,$13.28,$13.33,$13.05,14,0.013554217,-4.50E-03,1
3/31/2016,$13.50,32923320,$13.34,$13.52,$13.34,14,-0.011994003,4.52E-03,0
3/30/2016,$13.35,25320820,$13.28,$13.44,$13.25,14,-0.005271084,1.76E-02,0
3/29/2016,$13.20,26060280,$13.05,$13.20,$12.97,14,-0.011494253,-6.09E-03,0
3/28/2016,$13.09,18652510,$13.13,$13.17,$13.07,14,0.003046458,1.53E-03,0
3/24/2016,$13.06,36195380,$13.11,$13.12,$12.78,13,0.003813883,-3.39E-02,1
3/23/2016,$13.26,31521050,$13.57,$13.61,$13.19,13,0.02284451,-5.86E-03,0
3/22/2016,$13.59,26056320,$13.65,$13.73,$13.51,13,0.004395604,7.33E-04,0
3/21/2016,$13.66,20836450,$13.64,$13.76,$13.56,13,-0.001466276,7.39E-03,0
3/18/2016,$13.64,32177560,$13.54,$13.70,$13.49,12,-0.007385524,5.20E-03,1
3/17/2016,$13.47,31451000,$13.47,$13.68,$13.39,12,0,1.97E-02,0
3/16/2016,$13.50,46986870,$13.21,$13.51,$13.18,12,-0.021953066,6.86E-03,0
3/15/2016,$13.23,27684970,$13.12,$13.24,$13.05,12,-0.008384146,-1.21E-02,0
3/14/2016,$13.27,20570990,$13.28,$13.37,$13.18,12,0.000753012,1.51E-03,0
3/11/2016,$13.29,27539180,$13.26,$13.30,$13.20,11,-0.002262443,7.55E-04,1
3/10/2016,$13.15,39059570,$13.25,$13.28,$12.92,11,0.00754717,0.00E+00,0
3/9/2016,$13.19,34141940,$13.25,$13.32,$13.01,11,0.004528302,-1.93E-02,0
3/8/2016,$13.23,34763280,$13.51,$13.58,$13.15,11,0.020725389,3.72E-03,0
3/7/2016,$13.62,26117640,$13.46,$13.74,$13.45,11,-0.011887073,-7.38E-03,0
3/4/2016,$13.59,31813620,$13.56,$13.86,$13.43,10,-0.002212389,2.34E-02,1
3/3/2016,$13.54,44518890,$13.25,$13.61,$13.24,10,-0.021886792,1.46E-02,0
3/2/2016,$13.22,36589940,$13.06,$13.35,$13.04,10,-0.012251149,3.84E-03,0
3/1/2016,$13.09,71511900,$13.01,$13.12,$12.72,10,-0.006149116,4.75E-02,0
2/29/2016,$12.51,32989520,$12.42,$12.65,$12.39,10,-0.007246377,-7.99E-03,0
2/26/2016,$12.47,30226810,$12.52,$12.59,$12.40,9,0.00399361,3.39E-02,1
2/25/2016,$12.39,32019140,$12.11,$12.40,$12.05,9,-0.023121387,0.00E+00,0
2/24/2016,$12.08,60558310,$12.11,$12.11,$11.60,9,0.002477291,-3.35E-02,0
2/23/2016,$12.42,30128140,$12.53,$12.65,$12.42,9,0.008778931,2.37E-02,0
2/22/2016,$12.56,33539470,$12.24,$12.56,$12.24,9,-0.026143791,4.10E-03,0
2/19/2016,$12.10,26467720,$12.19,$12.22,$12.01,8,0.007383101,-1.69E-02,1
2/18/2016,$12.26,28782300,$12.40,$12.44,$12.12,8,0.011290323,3.42E-02,0
2/17/2016,$12.27,37756720,$11.99,$12.30,$11.98,8,-0.023352794,2.04E-02,0
2/16/2016,$11.87,41037210,$11.75,$11.88,$11.53,8,-0.010212766,4.44E-02,0
2/12/2016,$11.55,28020930,$11.25,$11.58,$11.18,7,-0.026666667,7.16E-03,1
2/11/2016,$11.17,45744730,$11.17,$11.43,$11.10,7,0,-2.53E-02,0
2/10/2016,$11.34,38154700,$11.46,$11.57,$11.33,7,0.010471204,-8.72E-04,0
2/9/2016,$11.35,48933090,$11.47,$11.61,$11.22,7,0.010462075,7.02E-03,0
2/8/2016,$11.59,45271640,$11.39,$11.69,$11.25,7,-0.017559263,-1.13E-02,0
2/5/2016,$11.45,33282300,$11.52,$11.70,$11.42,6,0.006076389,1.32E-02,1
2/4/2016,$11.53,40217620,$11.37,$11.69,$11.26,6,-0.01407212,-2.57E-02,0
2/3/2016,$11.46,69404920,$11.67,$11.68,$11.02,6,0.017994859,-2.34E-02,0
2/2/2016,$11.51,55610560,$11.95,$12.08,$11.45,6,0.036820084,2.52E-03,0
2/1/2016,$12.07,37256810,$11.92,$12.14,$11.73,6,-0.012583893,7.61E-03,0
1/29/2016,$11.94,52062630,$11.83,$11.94,$11.65,5,-0.009298394,-1.66E-02,1
1/28/2016,$11.71,75607420,$12.03,$12.06,$11.20,5,0.026600166,-1.66E-03,0
1/27/2016,$11.85,41997960,$12.05,$12.10,$11.73,5,0.01659751,-7.41E-03,0
1/26/2016,$12.26,45900110,$12.14,$12.30,$12.04,5,-0.009884679,-1.30E-02,0
1/25/2016,$11.98,96581350,$12.30,$12.31,$11.93,5,0.02601626,3.26E-03,0
1/22/2016,$12.14,44506910,$12.26,$12.36,$12.03,4,0.009787928,2.08E-02,1
1/21/2016,$12.01,48833470,$12.01,$12.28,$11.86,4,0,1.87E-02,0
1/20/2016,$11.90,59874720,$11.79,$12.07,$11.47,4,-0.009329941,-2.96E-02,0
1/19/2016,$11.95,41099100,$12.15,$12.16,$11.82,4,0.016460905,2.88E-02,0
1/15/2016,$11.97,68160240,$11.81,$12,$11.58,3,-0.013547841,-3.12E-02,1
1/14/2016,$12.19,62798940,$12.19,$12.31,$11.82,3,0,-4.24E-02,0
1/13/2016,$12.20,102034500,$12.73,$12.84,$12.06,3,0.041633936,-2.30E-02,0
1/12/2016,$12.85,50541580,$13.03,$13.04,$12.58,3,0.013814275,1.80E-02,0
1/11/2016,$12.77,41162830,$12.80,$12.82,$12.55,3,0.00234375,-1.92E-02,0
1/8/2016,$12.54,46166870,$13.05,$13.10,$12.50,2,0.03908046,1.16E-02,1
1/7/2016,$12.70,57695290,$12.90,$13.04,$12.60,2,0.015503876,-4.87E-02,0
1/6/2016,$13.11,61246040,$13.56,$13.56,$13.05,2,0.033185841,-2.94E-02,0
1/5/2016,$13.72,50199160,$13.97,$14,$13.51,2,0.01789549,7.21E-03,0
1/4/2016,$13.97,38590860,$13.87,$14,$13.75,2,-0.007209805,-1.91E-02,0
12/31/2015,$14.09,19880890,$14.14,$14.16,$14.04,53,0.003536068,-6.33E-03,1
12/30/2015,$14.17,13799210,$14.23,$14.26,$14.12,53,0.004216444,-3.50E-03,0
12/29/2015,$14.23,18867230,$14.28,$14.30,$14.15,53,0.003501401,0.00E+00,0
12/28/2015,$14.18,13695080,$14.28,$14.34,$14.16,53,0.007002801,-4.88E-03,0
12/24/2015,$14.31,9000079,$14.35,$14.37,$14.25,52,0.002787456,5.61E-03,1
12/23/2015,$14.36,22169200,$14.27,$14.38,$14.26,52,-0.006306938,2.44E-02,0
12/22/2015,$14.20,50599940,$13.93,$14.25,$13.90,52,-0.019382627,2.88E-03,0
12/21/2015,$13.73,31594160,$13.89,$13.95,$13.67,52,0.011519078,7.21E-04,0
12/18/2015,$13.80,40319920,$13.88,$13.91,$13.72,51,0.005763689,-3.41E-02,1
12/17/2015,$13.98,26103400,$14.37,$14.38,$13.95,51,0.027139875,2.64E-02,0
12/16/2015,$14.36,40670610,$14,$14.36,$13.99,51,-0.025714286,1.89E-02,0
12/15/2015,$13.87,43672750,$13.74,$14,$13.72,51,-0.009461426,5.86E-03,0
12/14/2015,$13.62,26757960,$13.66,$13.74,$13.40,51,0.002928258,-1.30E-02,0
12/11/2015,$13.64,29565110,$13.84,$13.92,$13.58,50,0.014450867,-5.03E-03,1
12/10/2015,$13.96,22030190,$13.91,$14.09,$13.89,50,-0.003594536,0.00E+00,0
12/9/2015,$13.89,25182500,$13.91,$14.14,$13.80,50,0.001437815,-8.55E-03,0
12/8/2015,$13.97,30348510,$14.03,$14.10,$13.88,50,0.00427655,-1.13E-02,0
12/7/2015,$14.12,14527440,$14.19,$14.20,$14.02,50,0.004933051,7.81E-03,0
12/4/2015,$14.20,28352100,$14.08,$14.26,$14,49,-0.008522727,-1.61E-02,1
12/3/2015,$13.98,29840970,$14.31,$14.34,$13.93,49,0.023060797,-1.99E-02,0
12/2/2015,$14.26,21285290,$14.60,$14.62,$14.24,49,0.023287671,1.96E-02,0
12/1/2015,$14.56,29139300,$14.32,$14.56,$14.29,49,-0.016759777,-1.51E-02,0
11/30/2015,$14.33,27531710,$14.54,$14.55,$14.29,49,0.014442916,0.00E+00,0
11/27/2015,$14.53,7760586,$14.54,$14.59,$14.50,48,0.000687758,0.00E+00,1
11/25/2015,$14.55,12615660,$14.54,$14.68,$14.52,48,-0.000687758,9.02E-03,0
11/24/2015,$14.55,21251700,$14.41,$14.63,$14.32,48,-0.009715475,-1.30E-02,0
11/23/2015,$14.55,18273140,$14.60,$14.73,$14.51,48,0.003424658,-1.37E-03,0
11/20/2015,$14.60,18547590,$14.62,$14.76,$14.54,47,0.001367989,1.18E-02,1
11/19/2015,$14.57,23558420,$14.45,$14.63,$14.42,47,-0.008304498,1.55E-02,0
11/18/2015,$14.46,26245380,$14.23,$14.50,$14.18,47,-0.016163036,1.50E-02,0
11/17/2015,$14.15,25183670,$14.02,$14.37,$14.01,47,-0.009272468,1.23E-02,0
11/16/2015,$14.04,22633170,$13.85,$14.08,$13.85,47,-0.013718412,-1.21E-02,0
11/13/2015,$13.92,25325520,$14.02,$14.07,$13.89,46,0.007132668,-1.34E-02,1
11/12/2015,$14.04,20275320,$14.21,$14.27,$14.02,46,0.011963406,-4.90E-03,0
11/11/2015,$14.31,16867420,$14.28,$14.38,$14.18,46,-0.00210084,-3.49E-03,0
11/10/2015,$14.28,22195500,$14.33,$14.34,$14.14,46,0.003489184,-1.31E-02,0
11/9/2015,$14.33,25249330,$14.52,$14.53,$14.26,46,0.013085399,6.89E-04,0
11/6/2015,$14.52,24079300,$14.51,$14.55,$14.38,45,-0.00068918,-1.29E-02,1
11/5/2015,$14.57,21934180,$14.70,$14.71,$14.50,45,0.008843537,-8.77E-03,0
11/4/2015,$14.65,27138550,$14.83,$14.86,$14.64,45,0.012137559,3.38E-03,0
11/3/2015,$14.81,25865760,$14.78,$14.87,$14.72,45,-0.00202977,-6.76E-04,0
11/2/2015,$14.75,30262440,$14.79,$14.90,$14.71,45,0.00270453,3.39E-03,0
10/30/2015,$14.81,29180730,$14.74,$14.95,$14.63,44,-0.004748982,-1.34E-02,1
10/29/2015,$14.73,32235100,$14.94,$14.96,$14.61,44,0.014056225,1.08E-02,0
10/28/2015,$14.97,34390150,$14.78,$15,$14.67,44,-0.01285521,-1.53E-02,0
10/27/2015,$14.89,64465580,$15.01,$15.15,$14.80,44,0.00799467,-4.58E-02,0
10/26/2015,$15.68,37182680,$15.73,$15.84,$15.57,44,0.00317864,1.27E-03,0
10/23/2015,$15.67,28509090,$15.71,$15.75,$15.49,43,0.002546149,1.42E-02,1
10/22/2015,$15.58,23407750,$15.49,$15.63,$15.40,43,-0.0058102,-7.05E-03,0
10/21/2015,$15.41,34207080,$15.60,$15.69,$15.35,43,0.012179487,2.16E-02,0
10/20/2015,$15.38,29336020,$15.27,$15.60,$15.27,43,-0.007203667,2.63E-03,0
10/19/2015,$15.36,17837220,$15.23,$15.36,$15.15,43,-0.008535785,-1.31E-03,0
10/16/2015,$15.28,24177750,$15.25,$15.29,$15.11,42,-0.001967213,3.29E-03,1
10/15/2015,$15.22,27339920,$15.20,$15.23,$14.99,42,-0.001315789,1.74E-02,0
10/14/2015,$15.01,22312910,$14.94,$15.04,$14.86,42,-0.004685408,4.03E-03,0
10/13/2015,$14.94,30590110,$14.88,$15.10,$14.83,42,-0.004032258,-6.68E-03,0
10/12/2015,$14.98,14371140,$14.98,$15,$14.85,42,0,-3.33E-03,0
10/9/2015,$14.97,29086250,$15.03,$15.10,$14.82,41,0.003992016,2.11E-02,1
10/8/2015,$14.99,25907180,$14.72,$15.01,$14.68,41,-0.018342391,1.59E-02,0
10/7/2015,$14.75,33428020,$14.49,$14.75,$14.46,41,-0.017943409,2.11E-02,0
10/6/2015,$14.31,27041950,$14.19,$14.44,$14.15,41,-0.00845666,4.96E-03,0
10/5/2015,$14.19,38553440,$14.12,$14.27,$13.90,41,-0.004957507,4.59E-02,0
10/2/2015,$13.99,30060300,$13.50,$14.01,$13.42,40,-0.036296296,-1.89E-02,1
10/1/2015,$13.67,32846980,$13.76,$13.78,$13.47,40,0.006540698,2.92E-02,0
9/30/2015,$13.57,40196200,$13.37,$13.58,$13.27,40,-0.014958863,1.75E-02,0
9/29/2015,$13.15,44368790,$13.14,$13.21,$13.01,40,-0.000761035,-2.38E-02,0
9/28/2015,$13.12,40585280,$13.46,$13.51,$13.06,40,0.02526003,-2.96E-02,0
9/25/2015,$13.53,35958980,$13.87,$13.87,$13.51,39,0.024513338,2.21E-02,1
9/24/2015,$13.65,32390190,$13.57,$13.70,$13.27,39,-0.005895357,-2.58E-02,0
9/23/2015,$13.68,31499450,$13.93,$13.95,$13.51,39,0.017946877,-5.71E-03,0
9/22/2015,$13.92,44021700,$14.01,$14.05,$13.73,39,0.006423983,-1.34E-02,0
9/21/2015,$14.32,20664710,$14.20,$14.43,$14.15,39,-0.008450704,-1.66E-02,0
9/18/2015,$14.28,40512290,$14.44,$14.48,$14.21,38,0.011080332,-1.16E-02,1
9/17/2015,$14.60,37524870,$14.61,$14.88,$14.46,38,0.000684463,2.03E-02,0
9/16/2015,$14.64,41622130,$14.32,$14.76,$14.25,38,-0.022346369,3.77E-02,0
9/15/2015,$14.31,46592110,$13.80,$14.37,$13.79,38,-0.036956522,5.83E-03,0
9/14/2015,$13.78,26091200,$13.72,$13.79,$13.63,38,-0.004373178,-2.18E-03,0
9/11/2015,$13.71,22770670,$13.75,$13.81,$13.53,37,0.002909091,1.70E-02,1
9/10/2015,$13.73,38599200,$13.52,$13.83,$13.35,37,-0.015532544,-2.10E-02,0
9/9/2015,$13.53,30677880,$13.81,$13.84,$13.47,37,0.020275163,2.91E-03,0
9/8/2015,$13.67,29892210,$13.77,$13.78,$13.54,37,0.007262164,6.58E-03,0
9/4/2015,$13.56,31000830,$13.68,$13.70,$13.40,36,0.00877193,-1.87E-02,1
9/3/2015,$13.84,27504280,$13.94,$14.07,$13.78,36,0.007173601,-3.57E-03,0
9/2/2015,$13.87,29574880,$13.99,$14,$13.63,36,0.008577555,3.23E-03,0
9/1/2015,$13.72,50307390,$13.95,$14.15,$13.60,36,0.016134815,1.34E-02,0
8/31/2015,$13.87,38090900,$13.76,$13.94,$13.51,36,-0.007994186,1.63E-02,0
8/28/2015,$13.74,25642680,$13.54,$13.84,$13.53,35,-0.014771049,5.94E-03,1
8/27/2015,$13.56,41088300,$13.46,$13.67,$13.23,35,-0.007429421,2.12E-02,0
8/26/2015,$13.21,48314240,$13.18,$13.35,$12.77,35,-0.002276176,-4.84E-02,0
8/25/2015,$12.90,47203890,$13.85,$13.86,$12.90,35,0.068592058,1.32E-01,0
8/24/2015,$13.19,59797280,$12.24,$13.48,$10.44,35,-0.077614379,-1.44E-01,0
8/21/2015,$13.86,42028700,$14.29,$14.38,$13.84,34,0.030090973,-2.86E-02,1
8/20/2015,$14.43,24062980,$14.71,$14.71,$14.40,34,0.01903467,-4.74E-03,0
8/19/2015,$14.77,22501850,$14.78,$14.98,$14.76,34,0.00067659,6.13E-03,0
8/18/2015,$14.83,16792860,$14.69,$14.84,$14.66,34,-0.009530293,-4.74E-03,0
8/17/2015,$14.68,16015220,$14.76,$14.77,$14.57,34,0.005420054,2.04E-03,0
8/14/2015,$14.78,18397190,$14.73,$14.83,$14.68,33,-0.003394433,6.15E-03,1
8/13/2015,$14.71,20492180,$14.64,$14.85,$14.59,33,-0.004781421,6.19E-03,0
8/12/2015,$14.68,20977290,$14.55,$14.71,$14.37,33,-0.008934708,-1.69E-02,0
8/11/2015,$14.70,26873890,$14.80,$14.80,$14.61,33,0.006756757,-4.04E-03,0
8/10/2015,$14.99,16781670,$14.86,$15,$14.81,33,-0.008748318,6.73E-04,0
8/7/2015,$14.80,14245310,$14.85,$14.92,$14.75,32,0.003367003,3.38E-03,1
8/6/2015,$14.83,26719610,$14.80,$14.88,$14.62,32,-0.002027027,-1.27E-02,0
8/5/2015,$14.80,22407600,$14.99,$15.04,$14.72,32,0.012675117,3.35E-03,0
8/4/2015,$14.91,18781390,$14.94,$15,$14.84,32,0.002008032,-2.00E-03,0
8/3/2015,$14.94,26603640,$14.97,$15.04,$14.85,32,0.002004008,-1.38E-02,0
7/31/2015,$14.83,32591590,$15.18,$15.19,$14.73,31,0.023056653,-1.97E-03,1
7/30/2015,$15.10,34935930,$15.21,$15.30,$14.96,31,0.007232084,2.56E-02,0
7/29/2015,$15.21,51958490,$14.83,$15.30,$14.81,31,-0.025623736,-8.69E-03,0
7/28/2015,$14.83,56185870,$14.96,$15,$14.60,31,0.00868984,4.25E-02,0
7/27/2015,$14.55,43837680,$14.35,$14.60,$14.23,31,-0.013937282,-2.51E-02,0
7/24/2015,$14.39,25966440,$14.72,$14.73,$14.32,30,0.022418478,-2.03E-03,1
7/23/2015,$14.61,29434450,$14.75,$14.87,$14.59,30,0.009491525,1.79E-02,0
7/22/2015,$14.42,30860920,$14.49,$14.51,$14.35,30,0.004830918,-2.75E-03,0
7/21/2015,$14.51,19201180,$14.53,$14.55,$14.45,30,0.001376462,-1.22E-02,0
7/20/2015,$14.57,24950870,$14.71,$14.75,$14.53,30,0.009517335,1.38E-02,0
7/17/2015,$14.69,31640390,$14.51,$14.69,$14.48,29,-0.012405238,-1.56E-02,1
7/16/2015,$14.57,33862220,$14.74,$14.79,$14.45,29,0.011533243,-6.07E-03,0
7/15/2015,$14.75,21882780,$14.83,$14.86,$14.61,29,0.005394471,8.16E-03,0
7/14/2015,$14.81,20785340,$14.71,$14.86,$14.59,29,-0.006798097,4.78E-03,0
7/13/2015,$14.64,19830300,$14.64,$14.65,$14.42,29,0,1.11E-02,0
7/10/2015,$14.48,20092060,$14.48,$14.54,$14.33,28,0,-8.22E-03,1
7/9/2015,$14.33,29647860,$14.60,$14.62,$14.27,28,0.018493151,-4.77E-03,0
7/8/2015,$14.37,42249220,$14.67,$14.72,$14.27,28,0.020449898,-6.77E-03,0
7/7/2015,$14.85,27249200,$14.77,$14.90,$14.52,28,-0.005416385,1.36E-03,0
7/6/2015,$14.79,22561290,$14.75,$14.90,$14.70,28,-0.002711864,-1.73E-02,0
7/2/2015,$14.87,18478170,$15.01,$15.08,$14.81,27,0.009327115,-8.59E-03,1
7/1/2015,$14.99,31740170,$15.14,$15.17,$14.80,27,0.00990753,-1.98E-03,0
6/30/2015,$15.01,28504070,$15.17,$15.18,$14.90,27,0.010547132,-3.94E-03,0
6/29/2015,$15.02,37815080,$15.23,$15.30,$14.92,27,0.013788575,-1.30E-02,0
6/26/2015,$15.40,20391890,$15.43,$15.49,$15.35,26,0.001944264,-5.80E-03,1
6/25/2015,$15.44,23922320,$15.52,$15.56,$15.39,26,0.005154639,1.29E-03,0
6/24/2015,$15.50,35386970,$15.50,$15.66,$15.42,26,0,1.77E-02,0
6/23/2015,$15.29,21113750,$15.23,$15.41,$15.22,26,-0.003939593,5.95E-03,0
6/22/2015,$15.13,18808230,$15.14,$15.25,$15.10,26,0.000660502,3.31E-03,0
6/19/2015,$15.11,23794000,$15.09,$15.25,$15.06,25,-0.001325381,3.99E-03,1
6/18/2015,$15.14,21358810,$15.03,$15.24,$15,25,-0.007318696,1.33E-03,0
6/17/2015,$15.02,25807010,$15.01,$15.08,$14.86,25,-0.000666223,0.00E+00,0
6/16/2015,$15,23330910,$15.01,$15.04,$14.93,25,0.000666223,-3.32E-03,0
6/15/2015,$15.05,23802340,$15.06,$15.11,$14.97,25,0.000664011,-9.21E-03,0
6/12/2015,$15.23,19847150,$15.20,$15.35,$15.18,24,-0.001973684,5.96E-03,1
6/11/2015,$15.28,27131530,$15.11,$15.35,$15.08,24,-0.011250827,6.66E-03,0
6/10/2015,$15.03,20959650,$15.01,$15.08,$14.95,24,-0.001332445,6.03E-03,0
6/9/2015,$14.88,20443020,$14.92,$15.01,$14.84,24,0.002680965,6.07E-03,0
6/8/2015,$14.90,30230350,$14.83,$15.01,$14.80,24,-0.004720162,-1.27E-02,0
6/5/2015,$14.78,44607850,$15.02,$15.02,$14.78,23,0.015978695,-7.27E-03,1
6/4/2015,$15.05,23390410,$15.13,$15.17,$15.01,23,0.005287508,-1.05E-02,0
6/3/2015,$15.20,24310870,$15.29,$15.32,$15.12,23,0.0058862,-9.72E-03,0
6/2/2015,$15.26,34939610,$15.44,$15.50,$15.21,23,0.011658031,7.18E-03,0
6/1/2015,$15.36,26677840,$15.33,$15.45,$15.19,23,-0.001956947,1.31E-03,0
5/29/2015,$15.17,18985840,$15.31,$15.40,$15.16,22,0.00914435,1.96E-03,1
5/28/2015,$15.29,13949590,$15.28,$15.34,$15.24,22,-0.00065445,3.28E-03,0
5/27/2015,$15.32,18761070,$15.23,$15.37,$15.20,22,-0.005909389,-2.62E-03,0
5/26/2015,$15.19,24935050,$15.27,$15.34,$15.15,22,0.005239031,-1.48E-02,0
5/22/2015,$15.27,24722940,$15.50,$15.50,$15.27,21,0.01483871,1.44E-02,1
5/21/2015,$15.51,23960460,$15.28,$15.55,$15.26,21,-0.015052356,-1.67E-02,0
5/20/2015,$15.30,22351300,$15.54,$15.56,$15.26,21,0.015444015,-3.21E-03,0
5/19/2015,$15.50,15143990,$15.59,$15.63,$15.45,21,0.005772931,7.76E-03,0
5/18/2015,$15.58,19490300,$15.47,$15.64,$15.45,21,-0.007110537,1.31E-02,0
5/15/2015,$15.48,18934890,$15.27,$15.49,$15.27,20,-0.013752456,-1.48E-02,1
5/14/2015,$15.27,28782360,$15.50,$15.54,$15.20,20,0.01483871,-2.57E-03,0
5/13/2015,$15.41,20875860,$15.54,$15.62,$15.37,20,0.008365508,-3.21E-03,0
5/12/2015,$15.56,17640500,$15.59,$15.65,$15.50,20,0.00192431,-3.83E-03,0
5/11/2015,$15.65,17237810,$15.65,$15.84,$15.64,20,0,1.92E-03,0
5/8/2015,$15.67,21336430,$15.62,$15.71,$15.59,19,-0.003201024,1.04E-02,1
5/7/2015,$15.51,26989100,$15.46,$15.56,$15.14,19,-0.003234153,-9.61E-03,0
5/6/2015,$15.48,26378210,$15.61,$15.66,$15.40,19,0.008327995,-1.02E-02,0
5/5/2015,$15.53,32240380,$15.77,$15.82,$15.52,19,0.01521877,-2.53E-03,0
5/4/2015,$15.78,15009330,$15.81,$15.88,$15.75,19,0.001897533,-5.66E-03,0
5/1/2015,$15.81,20546700,$15.90,$15.94,$15.70,18,0.005660377,-4.38E-03,1
4/30/2015,$15.80,30182490,$15.97,$16.04,$15.74,18,0.010644959,6.94E-03,0
4/29/2015,$16.02,35050940,$15.86,$16.10,$15.82,18,-0.010088272,-4.39E-03,0
4/28/2015,$16.06,56534390,$15.93,$16.08,$15.77,18,-0.008160703,6.95E-03,0
4/27/2015,$15.90,34762080,$15.82,$16,$15.77,18,-0.00505689,5.72E-03,0
4/24/2015,$15.77,20258840,$15.73,$15.87,$15.70,17,-0.002542912,-6.94E-03,1
4/23/2015,$15.76,28443440,$15.84,$15.90,$15.70,17,0.005050505,6.32E-04,0
4/22/2015,$15.91,20298260,$15.83,$15.93,$15.72,17,-0.005053696,-5.65E-03,0
4/21/2015,$15.82,18502640,$15.92,$15.98,$15.76,17,0.006281407,1.89E-03,0
4/20/2015,$15.91,15240270,$15.89,$15.92,$15.82,17,-0.001258653,6.30E-04,0
4/17/2015,$15.76,32120740,$15.88,$15.88,$15.71,16,0.007556675,-9.98E-03,1
4/16/2015,$15.94,23486970,$16.04,$16.09,$15.93,16,0.006234414,1.87E-03,0
4/15/2015,$16.07,25473970,$16.01,$16.08,$16,16,-0.003747658,6.92E-03,0
4/14/2015,$15.97,21716170,$15.90,$16.05,$15.89,16,-0.004402516,-6.25E-03,0
4/13/2015,$15.87,22513790,$16,$16.08,$15.87,16,0.008125,1.88E-03,0
4/10/2015,$16.03,17650190,$15.97,$16.05,$15.95,15,-0.003757044,-1.88E-03,1
4/9/2015,$15.95,23386900,$16,$16.07,$15.88,15,0.003125,1.88E-03,0
4/8/2015,$15.98,25146600,$15.97,$16.09,$15.95,15,-0.000626174,1.25E-03,0
4/7/2015,$15.90,26616010,$15.95,$15.97,$15.78,15,0.003134796,0.00E+00,0
4/6/2015,$16,18499740,$15.95,$16.11,$15.90,15,-0.003134796,1.26E-03,0
4/2/2015,$16.03,15923320,$15.93,$16.04,$15.85,14,-0.006277464,-1.42E-02,1
4/1/2015,$15.91,27317060,$16.16,$16.16,$15.85,14,0.015470297,2.48E-03,0
3/31/2015,$16.14,21785880,$16.12,$16.29,$16.08,14,-0.001240695,0.00E+00,0
3/30/2015,$16.16,20537450,$16.12,$16.28,$16.05,14,-0.00248139,3.74E-03,0
3/27/2015,$15.98,53264640,$16.06,$16.10,$15.85,13,0.00498132,-3.10E-03,1
3/26/2015,$16.01,33325440,$16.11,$16.17,$15.96,13,0.006207325,-2.54E-02,0
3/25/2015,$16.18,21972970,$16.53,$16.55,$16.18,13,0.021173624,-3.02E-03,0
3/24/2015,$16.56,16631100,$16.58,$16.69,$16.47,13,0.001206273,6.68E-03,0
3/23/2015,$16.57,30698270,$16.47,$16.74,$16.46,13,-0.006071645,7.34E-03,0
3/20/2015,$16.48,42067360,$16.35,$16.54,$16.34,12,-0.00795107,-4.26E-03,1
3/19/2015,$16.34,18000120,$16.42,$16.46,$16.28,12,0.004872107,6.74E-03,0
3/18/2015,$16.46,33707110,$16.31,$16.51,$16.11,12,-0.009196812,-4.88E-03,0
3/17/2015,$16.39,20909720,$16.39,$16.49,$16.36,12,0,8.00E-03,0
3/16/2015,$16.49,37730030,$16.26,$16.50,$16.24,12,-0.014145141,6.19E-03,0
3/13/2015,$16.20,27853330,$16.16,$16.25,$16,11,-0.002475248,1.76E-02,1
3/12/2015,$16.17,31160180,$15.88,$16.23,$15.86,11,-0.018261965,6.98E-03,0
3/11/2015,$15.75,20589880,$15.77,$15.85,$15.70,11,0.001268231,-1.07E-02,0
3/10/2015,$15.72,31608140,$15.94,$15.95,$15.69,11,0.013801757,-2.50E-03,0
3/9/2015,$16.03,17130490,$15.98,$16.10,$15.93,11,-0.003128911,-3.74E-03,0
3/6/2015,$15.93,24403280,$16.04,$16.20,$15.91,10,0.006857855,-3.11E-03,1
3/5/2015,$16.11,16526950,$16.09,$16.23,$16.09,10,-0.001243008,0.00E+00,0
3/4/2015,$16.03,25658290,$16.09,$16.14,$15.93,10,0.003729024,1.25E-03,0
3/3/2015,$16.17,37501910,$16.07,$16.30,$16.06,10,-0.006222775,-2.07E-02,0
3/2/2015,$16.57,26338280,$16.41,$16.59,$16.41,10,-0.009750152,1.83E-03,0
2/27/2015,$16.34,20310200,$16.38,$16.40,$16.22,9,0.002442002,-1.22E-03,1
2/26/2015,$16.38,20778280,$16.40,$16.57,$16.37,9,0.001219512,3.67E-03,0
2/25/2015,$16.51,23319470,$16.34,$16.62,$16.34,9,-0.010403917,-1.22E-03,0
2/24/2015,$16.36,17669490,$16.36,$16.42,$16.28,9,0,1.84E-03,0
2/23/2015,$16.38,18978590,$16.33,$16.45,$16.29,9,-0.003061849,-3.66E-03,0
2/20/2015,$16.40,21515730,$16.39,$16.46,$16.25,8,-0.000610128,1.24E-02,1
2/19/2015,$16.43,24841830,$16.19,$16.48,$16.17,8,-0.014823965,1.86E-03,0
2/18/2015,$16.21,22803260,$16.16,$16.33,$16.06,8,-0.003094059,-3.09E-03,0
2/17/2015,$16.11,44324740,$16.21,$16.30,$16,8,0.006169031,-7.35E-03,0
2/13/2015,$16.30,19946180,$16.33,$16.36,$16.19,7,0.00183711,-6.12E-04,1
2/12/2015,$16.36,23672610,$16.34,$16.45,$16.30,7,-0.00122399,1.62E-02,0
2/11/2015,$16.25,34283660,$16.08,$16.31,$16.01,7,-0.010572139,1.87E-03,0
2/10/2015,$16.09,27920680,$16.05,$16.14,$15.91,7,-0.002492212,1.84E-02,0
2/9/2015,$15.92,20283800,$15.76,$16.03,$15.72,7,-0.010152284,-5.05E-03,0
2/6/2015,$15.86,28157840,$15.84,$16,$15.77,6,-0.001262626,-1.06E-02,1
2/5/2015,$15.85,25702850,$16.01,$16.02,$15.75,6,0.009993754,2.11E-02,0
2/4/2015,$15.87,41175070,$15.68,$16.02,$15.65,6,-0.012117347,1.36E-02,0
2/3/2015,$15.65,48297800,$15.47,$15.79,$15.44,6,-0.011635423,4.88E-02,0
2/2/2015,$15.27,40331570,$14.75,$15.30,$14.74,6,-0.035254237,0.00E+00,0
