Pyranine in 10M Water w/ 70:30 mol% 1-butanol:acetonitrile,,
Wavelength (nm),Intensity (a.u.),
380,2.462699175,
380.1499939,2.709189892,
380.4500122,3.125624657,
380.6000061,3.162744284,
380.75,3.378480673,
381.0599976,3.946755648,
381.2099915,3.933461905,
381.3599854,4.125813007,
381.6600037,4.951182842,
381.8099976,5.117224693,
381.9599915,5.265243053,
382.269989,5.368969917,
382.4200134,5.597858906,
382.5700073,5.561924934,
382.7200012,5.490696907,
383.0299988,5.712841988,
383.1799927,5.53643465,
383.3299866,5.696798325,
383.6300049,5.504277229,
383.7799988,5.607174397,
383.9299927,5.263350487,
384.2399902,5.298964977,
384.3900146,5.040908813,
384.5400085,4.922825813,
384.8399963,4.75003767,
385,4.463577747,
385.1499939,4.645663738,
385.4500122,4.310189724,
385.6000061,4.198837757,
385.75,3.961516619,
386.0599976,3.960119963,
386.2099915,3.8769629,
386.3599854,3.683533192,
386.6600037,3.595280886,
386.8099976,3.309240818,
386.9599915,3.176528454,
387.269989,3.223197222,
387.4200134,3.235930443,
387.5700073,3.109890938,
387.7200012,3.026412249,
388.0299988,3.115441799,
388.1799927,2.878385067,
388.3299866,2.840212107,
388.6300049,2.737479448,
388.7799988,2.772036552,
388.9299927,2.777794361,
389.2399902,2.838888407,
389.3900146,2.802878618,
389.5400085,2.788262367,
389.8399963,2.643562555,
390,2.740798712,
390.1499939,2.655849218,
390.4500122,2.717020512,
390.6000061,2.615762711,
390.75,2.711008787,
391.0599976,2.855117559,
391.2099915,2.780420065,
391.3599854,2.81600523,
391.6600037,2.679501295,
391.8099976,2.792145252,
391.9599915,2.77620244,
392.269989,2.908420801,
392.4200134,2.97917676,
392.5700073,2.75385499,
392.7200012,2.964936495,
393.0299988,2.940841675,
393.1799927,2.827381849,
393.3299866,3.051603794,
393.6300049,2.869019985,
393.7799988,3.045859814,
393.9299927,3.163449049,
394.2399902,3.150714397,
394.3900146,2.972162962,
394.5400085,3.013996124,
394.8399963,2.995040894,
395,3.11274004,
395.1499939,3.050205231,
395.4500122,3.318349123,
395.6000061,3.380319595,
395.75,3.147704124,
396.0599976,3.273172379,
396.2099915,3.362511158,
396.3599854,3.178263426,
396.6600037,3.378733158,
396.8099976,3.199889898,
396.9599915,3.371121407,
397.269989,3.635559082,
397.4200134,3.484320641,
397.5700073,3.682819605,
397.7200012,3.723435163,
398.0299988,3.850624323,
398.1799927,3.702206135,
398.3299866,4.001001835,
398.6300049,4.302332401,
398.7799988,4.102426052,
398.9299927,4.383743286,
399.2399902,4.618852615,
399.3900146,4.859032631,
399.5400085,4.819218636,
399.8399963,5.110113144,
400,5.209653854,
400.1499939,5.589714527,
400.4500122,5.566470146,
400.6000061,5.835747242,
400.75,6.061830521,
401.0599976,6.675376892,
401.2099915,6.746520996,
401.3599854,6.847665787,
401.6600037,7.155730724,
401.8099976,7.065412998,
401.9599915,7.659871578,
402.269989,8.465219498,
402.4200134,8.227161407,
402.5700073,8.483649254,
402.7200012,8.593299866,
403.0299988,9.007893562,
403.1799927,9.260428429,
403.3299866,9.642447472,
403.6300049,10.11715603,
403.7799988,10.40184689,
403.9299927,10.49728966,
404.2399902,11.04491138,
404.3900146,11.26305294,
404.5400085,11.90985489,
404.8399963,12.9926405,
405,12.68834209,
405.1499939,13.01687431,
405.4500122,13.90303135,
405.6000061,14.66854954,
405.75,15.57312107,
406.0599976,16.27836609,
406.2099915,16.50685692,
406.3599854,17.04438972,
406.6600037,18.25459671,
406.8099976,19.06839752,
406.9599915,20.04088402,
407.269989,21.17572403,
407.4200134,21.69984245,
407.5700073,22.28670692,
407.7200012,23.04473114,
408.0299988,25.36772728,
408.1799927,26.00133133,
408.3299866,26.60852623,
408.6300049,27.88016891,
408.7799988,28.64420319,
408.9299927,29.60664558,
409.2399902,31.91311646,
409.3900146,32.73287582,
409.5400085,33.74939728,
409.8399963,35.68406296,
410,36.41934586,
410.1499939,37.39396667,
410.4500122,40.33678818,
410.6000061,42.6256752,
410.75,44.00761032,
411.0599976,45.78017044,
411.2099915,46.61981583,
411.3599854,48.29247665,
411.6600037,50.59603882,
411.8099976,53.26665497,
411.9599915,54.1570816,
412.269989,56.23473358,
412.4200134,57.31565857,
412.5700073,58.66661835,
412.7200012,60.4030571,
413.0299988,65.31101227,
413.1799927,66.89974976,
413.3299866,67.38288879,
413.6300049,69.19564819,
413.7799988,71.09249878,
413.9299927,72.91897583,
414.2399902,77.60631561,
414.3900146,78.83721161,
414.5400085,80.17717743,
414.8399963,82.62700653,
415,83.7433548,
415.1499939,85.9331131,
415.4500122,90.43960571,
415.6000061,93.31454468,
415.75,94.02539063,
416.0599976,96.21789551,
416.2099915,98.21539307,
416.3599854,99.86595154,
416.6600037,104.5159607,
416.8099976,106.0334702,
416.9599915,107.4024353,
417.269989,110.859375,
417.4200134,112.5617523,
417.5700073,112.9497604,
417.7200012,116.2776108,
418.0299988,119.5681,
418.1799927,120.858696,
418.3299866,121.5858231,
418.6300049,123.0812073,
418.7799988,124.6423569,
418.9299927,128.3514099,
419.2399902,131.9075623,
419.3900146,132.6303101,
419.5400085,133.6896362,
419.8399963,136.4178619,
420,137.6309967,
420.1499939,139.8271637,
420.4500122,144.6298676,
420.6000061,145.5211182,
420.75,145.3781586,
421.0599976,150.327301,
421.2099915,149.7858124,
421.3599854,151.5155182,
421.6600037,153.5257874,
421.8099976,155.8033447,
421.9599915,156.0133209,
422.269989,158.1525879,
422.4200134,158.9766235,
422.5700073,160.6625824,
422.7200012,161.8884277,
423.0299988,163.872406,
423.1799927,164.1916199,
423.3299866,165.3570099,
423.6300049,166.9691162,
423.7799988,166.6233063,
423.9299927,168.9777985,
424.2399902,171.0753174,
424.3900146,171.4390869,
424.5400085,171.2832031,
424.8399963,173.7877502,
425,173.691925,
425.1499939,174.8455963,
425.4500122,175.7405243,
425.6000061,176.4313049,
425.75,177.2961731,
426.0599976,178.6941223,
426.2099915,178.5886993,
426.3599854,180.0827637,
426.6600037,179.370697,
426.8099976,179.8843079,
426.9599915,180.2534943,
427.269989,181.8451233,
427.4200134,182.1927185,
427.5700073,181.8147736,
427.7200012,184.5819397,
428.0299988,182.2989502,
428.1799927,184.4568634,
428.3299866,181.2908478,
428.6300049,183.5396423,
428.7799988,183.1347198,
428.9299927,183.0517273,
429.2399902,184.2731628,
429.3900146,184.5380859,
429.5400085,183.5984039,
429.8399963,184.6586609,
430,184.0750122,
430.1499939,184.0726776,
430.4500122,183.5221558,
430.6000061,184.3006287,
430.75,183.3197174,
431.0599976,184.5439758,
431.2099915,184.0627441,
431.3599854,185.0830994,
431.6600037,184.4665527,
431.8099976,183.3358917,
431.9599915,184.3771515,
432.269989,184.1495667,
432.4200134,183.4400787,
432.5700073,183.4129333,
432.7200012,184.2964478,
433.0299988,182.132309,
433.1799927,183.553299,
433.3299866,183.3883209,
433.6300049,183.4757843,
433.7799988,181.991272,
433.9299927,183.5691986,
434.2399902,183.445816,
434.3900146,182.512558,
434.5400085,182.4186707,
434.8399963,181.9832001,
435,181.6571808,
435.1499939,182.2769318,
435.4500122,181.8581085,
435.6000061,181.5974731,
435.75,180.2517548,
436.0599976,180.2678375,
436.2099915,180.1405334,
436.3599854,180.0638733,
436.6600037,180.5180511,
436.8099976,179.422821,
436.9599915,179.8856201,
437.269989,177.9335175,
437.4200134,177.997757,
437.5700073,177.6187134,
437.7200012,177.9583282,
438.0299988,177.937561,
438.1799927,178.1802521,
438.3299866,177.9967346,
438.6300049,176.6430817,
438.7799988,176.9343262,
438.9299927,176.8696899,
439.2399902,175.0751038,
439.3900146,176.1398621,
439.5400085,176.072052,
439.8399963,174.2221069,
440,174.7303619,
440.1400146,174.9299927,
440.4400024,172.9842377,
440.5899963,174.4308167,
440.7399902,174.033783,
441.0400085,172.4776764,
441.1900024,172.5214386,
441.3399963,173.0436554,
441.6400146,172.1951447,
441.7900085,171.881134,
441.9400024,171.4390106,
442.230011,170.9150238,
442.3800049,170.8303833,
442.5299988,170.1255646,
442.8299866,169.6824188,
442.980011,169.8065491,
443.1300049,170.8735199,
443.4299927,168.9049988,
443.5799866,168.2051086,
443.730011,168.0659485,
444.019989,167.5315094,
444.1700134,168.0866241,
444.3200073,167.3784027,
444.6199951,166.3912811,
444.769989,165.4859924,
445.0700073,164.1525879,
445.2200012,164.9115295,
445.3699951,164.937561,
445.6700134,163.8736572,
445.8200073,162.7675934,
445.9700012,162.4640045,
446.2600098,162.5225067,
446.4100037,162.548111,
446.5599976,162.6375275,
446.7099915,161.2261658,
447.0100098,159.6888733,
447.1600037,160.1613159,
447.4599915,158.9512939,
447.6099854,158.7365875,
447.7600098,158.0937653,
448.0499878,158.1987457,
448.2000122,158.1618805,
448.3500061,157.3982391,
448.6499939,155.8147278,
448.7999878,156.1043854,
448.9500122,154.9942017,
449.25,154.0518646,
449.3999939,153.310318,
449.5499878,153.5458069,
449.8500061,152.3621674,
450,151.6022491,
450.1499939,151.4067535,
450.4500122,150.0909882,
450.6000061,149.4463501,
450.75,149.1429291,
451.0599976,148.5542908,
451.2099915,147.7556915,
451.3599854,147.2884979,
451.6600037,146.9424438,
451.8099976,145.3727875,
451.9599915,145.2250671,
452.269989,144.6632233,
452.4200134,145.2173615,
452.5700073,145.1667786,
452.7200012,143.1291351,
453.0299988,142.6655273,
453.1799927,141.8812561,
453.3299866,140.6419678,
453.6300049,141.2736969,
453.7799988,141.3649139,
453.9299927,140.6971588,
454.2399902,138.2523041,
454.3900146,137.3548584,
454.5400085,136.4073944,
454.8399963,137.2768402,
455,135.5942688,
455.1499939,135.2020111,
455.4500122,133.1470337,
455.6000061,133.5409698,
455.75,132.8196259,
456.0599976,131.9340057,
456.2099915,132.1751556,
456.3599854,130.3515472,
456.6600037,129.0652161,
456.8099976,128.5128174,
456.9599915,128.8776245,
457.269989,126.7780991,
457.4200134,126.6550751,
457.5700073,126.1216583,
457.7200012,124.996933,
458.0299988,124.0255127,
458.1799927,124.7643051,
458.3299866,123.5948944,
458.6300049,122.2082214,
458.7799988,122.6260071,
458.9299927,121.7564316,
459.2399902,121.2518539,
459.3900146,120.4656372,
459.5400085,120.1850128,
459.8399963,118.3142624,
460,119,
460.1400146,117.6562271,
460.4400024,116.1234436,
460.5899963,116.5747452,
460.7399902,116.4379425,
461.0400085,115.2390671,
461.1900024,113.9258881,
461.3399963,114.0738831,
461.6400146,112.1833496,
461.7900085,112.7646637,
461.9400024,111.8696823,
462.230011,111.2810135,
462.3800049,110.4197464,
462.5299988,109.5137329,
462.8299866,107.7757416,
462.980011,107.4254532,
463.1300049,108.4628296,
463.4299927,106.9987259,
463.5799866,106.6178436,
463.730011,105.855072,
464.019989,105.5539093,
464.1700134,105.0462494,
464.3200073,103.8622742,
464.6199951,103.5042191,
464.769989,103.3014679,
465.0700073,101.8681641,
465.2200012,101.2731476,
465.3699951,100.999054,
465.6700134,100.1288681,
465.8200073,99.95358276,
465.9700012,99.17194366,
466.2600098,98.60820007,
466.4100037,98.28785706,
466.5599976,97.15245819,
466.7099915,96.76554108,
467.0100098,96.75531006,
467.1600037,96.78549194,
467.4599915,94.55866241,
467.6099854,94.81421661,
467.7600098,94.13618469,
468.0499878,93.62779236,
468.2000122,92.93273926,
468.3500061,92.88361359,
468.6499939,91.2410965,
468.7999878,91.83704376,
468.9500122,90.81536865,
469.25,89.84272766,
469.3999939,89.28614044,
469.5499878,89.01864624,
469.8500061,87.82635498,
470,88.64305115,
470.1400146,88.63696289,
470.4400024,87.58518219,
470.5899963,87.56498718,
470.7399902,85.80301666,
471.0400085,85.25244904,
471.1900024,84.87076569,
471.3399963,84.49079132,
471.6400146,83.69235229,
471.7900085,84.61426544,
471.9400024,82.56531525,
472.230011,82.2204361,
472.3800049,81.24636078,
472.5299988,81.5260849,
472.8299866,81.22711945,
472.980011,80.92631531,
473.1300049,80.79153442,
473.4299927,79.36022186,
473.5799866,78.74229431,
473.730011,78.34551239,
474.019989,77.54631805,
474.1700134,77.23061371,
474.3200073,76.46247101,
474.6199951,76.51447296,
474.769989,75.86429596,
475.0700073,75.13259888,
475.2200012,75.0737381,
475.3699951,75.04627228,
475.6700134,73.68647003,
475.8200073,72.99899292,
475.9700012,73.72927856,
476.2600098,72.89865112,
476.4100037,72.42933655,
476.5599976,71.67280579,
476.7099915,71.60858917,
477.0100098,71.16851807,
477.1600037,70.97975922,
477.4599915,70.28761292,
477.6099854,69.05613708,
477.7600098,69.43566132,
478.0499878,69.13388062,
478.2000122,68.11630249,
478.3500061,67.62528229,
478.6499939,66.79312897,
478.7999878,67.08156586,
478.9500122,66.82611847,
479.25,66.64763641,
479.3999939,65.12869263,
479.5499878,65.79705048,
479.8500061,65.03990936,
480,65.05526733,
480.1400146,65.01994324,
480.4400024,63.06801605,
480.5899963,63.39730453,
480.7399902,63.36077881,
481.0400085,62.39458466,
481.1900024,62.61412811,
481.3399963,62.44079971,
481.6400146,61.03766251,
481.7900085,60.9108696,
481.9400024,60.77877808,
482.230011,60.82581711,
482.3800049,60.55948257,
482.5299988,60.31599045,
482.8299866,59.53552628,
482.980011,58.82316971,
483.1300049,58.25159454,
483.4299927,58.44179153,
483.5799866,57.76524353,
483.730011,57.98940659,
484.019989,56.44888687,
484.1700134,56.51034164,
484.3200073,56.46522522,
484.6199951,55.80161667,
484.769989,55.37502289,
485.0700073,55.73132706,
485.2200012,54.96710587,
485.3699951,54.45197678,
485.6700134,54.49659348,
485.8200073,53.91831589,
485.9700012,54.02373123,
486.2600098,53.35855103,
486.4100037,52.14648819,
486.5599976,52.89752197,
486.7099915,53.74947357,
487.0100098,52.06799316,
487.1600037,51.82131195,
487.4599915,51.69878769,
487.6099854,51.10495377,
487.7600098,50.40253067,
488.0499878,50.7250824,
488.2000122,50.23987579,
488.3500061,50.27977371,
488.6499939,49.8522644,
488.7999878,49.22911072,
488.9500122,49.48662567,
489.25,48.62572479,
489.3999939,48.69042587,
489.5499878,48.45117569,
489.8500061,47.97716522,
490,48.16169739,
490.1400146,47.63275528,
490.4400024,47.62332916,
490.5899963,47.57405853,
490.7399902,47.38117981,
491.0400085,47.51068878,
491.1900024,46.22116089,
491.3399963,46.63006973,
491.6400146,45.9533844,
491.7900085,45.63967896,
491.9400024,46.20045853,
492.230011,45.49001694,
492.3800049,45.08885956,
492.5299988,44.99308777,
492.8299866,44.70015335,
492.980011,44.78320313,
493.1300049,44.77728653,
493.4299927,43.94371033,
493.5799866,44.15513229,
493.730011,44.08123016,
494.019989,43.81374359,
494.1700134,43.56264114,
494.3200073,43.54697418,
494.6199951,43.34553909,
494.769989,43.19255829,
495.0700073,42.52810669,
495.2200012,43.0430603,
495.3699951,42.41934204,
495.6700134,42.23396301,
495.8200073,41.92266846,
495.9700012,42.45982742,
496.2600098,42.50461578,
496.4100037,41.50727463,
496.5599976,41.46974564,
496.7099915,41.77573013,
497.0100098,41.16601944,
497.1600037,40.88142776,
497.4599915,40.5316925,
497.6099854,41.10044861,
497.7600098,40.80008316,
498.0499878,40.38729858,
498.2000122,40.08259964,
498.3500061,40.38998032,
498.6499939,40.35268784,
498.7999878,40.10480118,
498.9500122,40.31157684,
499.25,40.19083786,
499.3999939,39.91595459,
499.5499878,39.51283646,
499.8500061,39.55013275,
500,39.02767944,
500.1400146,38.99962997,
500.4400024,39.15287781,
500.5899963,38.89722443,
500.7399902,38.30518341,
501.0400085,38.93177795,
501.1900024,38.71817017,
501.3399963,38.48297119,
501.6400146,38.2472229,
501.7900085,38.75154495,
501.9400024,38.4888649,
502.230011,38.00098801,
502.3800049,37.74530792,
502.5299988,37.91150284,
502.8299866,38.00784683,
502.980011,38.20004272,
503.1300049,37.33990479,
503.4299927,37.27147675,
503.5799866,37.70649338,
503.730011,37.21129608,
504.019989,37.2276001,
504.1700134,37.02452469,
504.3200073,36.89120102,
504.6199951,36.75932693,
504.769989,36.79724884,
505.0700073,36.60515976,
505.2200012,36.77554703,
505.3699951,36.71684647,
505.6700134,35.92639542,
505.8200073,36.2548027,
505.9700012,36.07487869,
506.2600098,36.15033722,
506.4100037,35.87722397,
506.5599976,35.6086235,
506.7099915,35.70587921,
507.0100098,35.30831528,
507.1600037,35.80809784,
507.4599915,35.61345673,
507.6099854,35.30466843,
507.7600098,35.46550751,
508.0499878,35.05823135,
508.2000122,35.25770569,
508.3500061,34.85943985,
508.6499939,34.52347183,
508.7999878,34.61957169,
508.9500122,34.63169479,
509.25,34.80751038,
509.3999939,34.44289398,
509.5499878,34.38430786,
509.8500061,33.69657135,
510,34.04017639,
510.1400146,34.24670029,
510.4400024,34.11317062,
510.5799866,33.79832458,
510.730011,33.7375145,
511.019989,33.99440384,
511.1700134,32.9761467,
511.4700012,33.99090195,
511.6099854,33.1303978,
511.7600098,32.80104446,
512.0499878,33.45584106,
512.2000122,33.25841904,
512.3499756,32.98395157,
512.6400146,32.56710815,
512.789978,32.86272812,
512.9400024,32.7068634,
513.2299805,32.26770782,
513.3800049,31.91744614,
513.5200195,32.09072495,
513.8200073,32.03425598,
513.9699707,31.81981277,
514.2600098,31.93389702,
514.4099731,31.79021263,
514.5499878,31.67390823,
514.8499756,31.26433945,
515,31.30698204,
515.1400146,31.42458916,
515.4400024,31.11180305,
515.5800171,31.04504967,
515.7299805,31.03283882,
516.0200195,30.68357849,
516.1699829,30.74335098,
516.4699707,30.29392815,
516.6099854,30.00627518,
516.7600098,30.32382584,
517.0499878,30.24670029,
517.2000122,29.94652557,
517.3499756,29.58330917,
517.6400146,29.68424797,
517.789978,29.35751152,
517.9400024,29.8316555,
518.2299805,29.37583351,
518.3800049,28.77906609,
518.5200195,28.90745544,
518.8200073,28.62119484,
518.9699707,28.9320488,
519.2600098,28.2119751,
519.4099731,28.32154465,
519.5499878,28.50625038,
519.8499756,28.09471512,
520,27.95462799,
520.1400146,28.1234951,
520.4400024,28.09121895,
520.5900269,27.89452171,
520.7399902,27.79781342,
521.039978,27.0767231,
521.1900024,27.09471512,
521.3400269,26.8495121,
521.6400146,26.96498299,
521.789978,26.44384575,
521.9400024,26.55452919,
522.2299805,26.31146431,
522.3800049,26.01032448,
522.5300293,26.3142128,
522.8300171,26.03902245,
522.9799805,25.96352768,
523.1300049,25.54498482,
523.4299927,25.58488464,
523.5800171,24.88044167,
523.7299805,25.242939,
524.0200195,25.05331421,
524.1699829,25.15869522,
524.3200073,25.13684654,
524.6199951,24.29856682,
524.7700195,24.49176788,
525.0700073,24.25324821,
525.2199707,23.87902451,
525.3699951,23.94822121,
525.5200195,23.91835022,
525.8200073,23.6036644,
525.9699707,23.5486412,
526.2600098,23.40007401,
526.4099731,23.16683197,
526.5599976,23.14443016,
526.710022,22.51462173,
527.0100098,22.82266235,
527.1599731,22.89810944,
527.460022,22.51714325,
527.6099854,22.79484558,
527.7600098,21.90321159,
528.0499878,22.16339684,
528.2000122,21.34589386,
528.3499756,21.8045311,
528.6500244,21.72255898,
528.7999878,21.2628994,
528.9500122,21.24569702,
529.25,21.03168488,
529.4000244,20.79846382,
529.5499878,20.63472939,
529.8499756,20.44069099,
530,20.60259628,
530.1400146,20.62539482,
530.4400024,20.08956337,
530.5800171,20.26246071,
530.7299805,20.05543137,
531.0200195,19.69731903,
531.1699829,19.63027954,
531.4699707,19.44360733,
531.6099854,19.24813271,
531.7600098,19.1987133,
532.0499878,18.85273743,
532.2000122,18.7376194,
532.3499756,18.79936981,
532.6400146,18.61621284,
532.789978,18.37112617,
532.9400024,18.1111927,
533.2299805,18.08527184,
533.3800049,18.17102814,
533.5200195,17.79353142,
533.8200073,17.81904793,
533.9699707,17.4264698,
534.2600098,17.36889839,
534.4099731,17.15377235,
534.5499878,17.28939056,
534.8499756,17.46492958,
535,16.42285919,
535.1400146,16.53419113,
535.4400024,16.69396019,
535.5800171,16.54307938,
535.7299805,16.53348732,
536.0200195,16.05020714,
536.1699829,16.32818794,
536.4699707,15.70877075,
536.6099854,15.81137276,
536.7600098,15.66413403,
537.0499878,15.47474098,
537.2000122,15.59460163,
537.3499756,15.24515152,
537.6400146,15.08501148,
537.789978,15.2302618,
537.9400024,14.86162663,
538.2299805,14.59039497,
538.3800049,15.11158848,
538.5200195,14.83207321,
538.8200073,14.72501278,
538.9699707,14.54312992,
539.2600098,14.02289772,
539.4099731,14.11830521,
539.5499878,14.3301096,
539.8499756,14.02258873,
540,13.79503345,
540.1400146,13.90034866,
540.4400024,13.45610714,
540.5800171,13.59114647,
540.7299805,13.45935249,
541.0200195,13.40283394,
541.1699829,12.94041538,
541.4699707,13.02283764,
541.6099854,13.02663708,
541.7600098,13.0982399,
542.0499878,12.70686245,
542.2000122,12.80988121,
542.3499756,12.56812191,
542.6400146,12.72185802,
542.789978,12.10607719,
542.9400024,12.38167667,
543.2299805,12.54435444,
543.3800049,11.93627644,
543.5200195,11.70299435,
543.8200073,11.98448849,
543.9699707,11.87357712,
544.2600098,11.68356991,
544.4099731,11.78900337,
544.5499878,11.58494663,
544.8499756,11.36819649,
545,11.50596905,
545.1400146,11.54967499,
545.4400024,11.09659767,
545.5800171,11.13634872,
545.7299805,10.97216034,
546.0200195,10.98667049,
546.1699829,10.85820293,
546.4699707,10.75733089,
546.6099854,10.57938385,
546.7600098,10.48973846,
547.0499878,10.46431732,
547.2000122,10.2111187,
547.3499756,10.61915588,
547.6400146,10.34031296,
547.789978,10.10979271,
547.9400024,9.936454773,
548.2299805,10.06263542,
548.3800049,10.11095715,
548.5200195,10.2564106,
548.8200073,9.728655815,
548.9699707,9.823821068,
549.2600098,9.550572395,
549.4099731,9.665587425,
549.5499878,9.621127129,
549.8499756,9.429271698,
550,9.289175987,
550.1400146,9.379076004,
550.4400024,9.318091393,
550.5800171,9.174031258,
550.7299805,9.128872871,
551.0200195,8.666138649,
551.1699829,9.092685699,
551.4699707,9.023714066,
551.6099854,8.57982254,
551.7600098,8.708345413,
552.0499878,8.542398453,
552.2000122,8.670952797,
552.3499756,8.461966515,
552.6400146,8.329939842,
552.789978,8.276603699,
552.9400024,8.469846725,
553.2299805,8.214150429,
553.3800049,8.351350784,
553.5200195,8.311058044,
553.8200073,8.035573959,
553.9699707,7.772881508,
554.2600098,7.680644512,
554.4099731,7.956081867,
554.5499878,8.00213623,
554.8499756,7.730556488,
555,7.879683018,
555.1400146,7.567790985,
555.4400024,7.496899128,
555.5800171,7.631999493,
555.7299805,7.523565292,
556.0200195,7.529151917,
556.1699829,7.342520714,
556.4699707,7.295456886,
556.6099854,7.143377781,
556.7600098,7.192679405,
557.0499878,7.114367962,
557.2000122,7.06752491,
557.3499756,7.139480591,
557.6400146,6.735385895,
557.789978,7.125617981,
557.9400024,6.906462669,
558.2299805,6.661857605,
558.3800049,6.721645355,
558.5200195,6.71906662,
558.8200073,6.559458256,
558.9699707,6.500033379,
559.2600098,6.483448505,
559.4099731,6.352434158,
559.5499878,6.234807968,
559.8499756,6.29570055,
560,5.914162159,
560.1400146,6.105361938,
560.4400024,5.968414783,
560.5800171,6.178171158,
560.7299805,6.089293957,
561.0200195,6.002698898,
561.1699829,5.851905823,
561.4699707,5.752745152,
561.6099854,5.875056744,
561.7600098,5.676517963,
562.0499878,5.671800613,
562.2000122,5.654936314,
562.3499756,5.558248043,
562.6400146,5.533378124,
562.789978,5.489068985,
562.9400024,5.652571201,
563.2299805,5.473777294,
563.3800049,5.221822739,
563.5200195,5.345240593,
563.8200073,5.370863914,
563.9699707,5.266705036,
564.2600098,5.220989704,
564.4099731,5.189918995,
564.5499878,5.154241562,
564.8499756,5.178994179,
565,5.075391293,
565.1400146,5.063006401,
565.4400024,4.973742962,
565.5800171,4.81025219,
565.7299805,4.879897594,
566.0200195,4.943506718,
566.1699829,4.782324791,
566.4699707,4.756915092,
566.6099854,4.694253922,
566.7600098,4.602498055,
567.0499878,4.555243492,
567.2000122,4.380217075,
567.3499756,4.391468048,
567.6400146,4.458938599,
567.789978,4.379631042,
567.9400024,4.503198624,
568.2299805,4.113075733,
568.3800049,4.406225681,
568.5200195,4.112342358,
568.8200073,4.213065624,
568.9699707,4.019954205,
569.2600098,4.003047466,
569.4099731,4.215208054,
569.5499878,4.245401382,
569.8499756,3.845395327,
570,4.106169701,
570.1400146,3.997403622,
570.4400024,3.922279358,
570.5800171,3.867168427,
570.7299805,3.843842983,
571.0200195,3.808989048,
571.1699829,3.867988825,
571.4699707,3.715064287,
571.6099854,3.721811295,
571.7600098,3.764544964,
572.0499878,3.576163054,
572.2000122,3.56733799,
572.3499756,3.666258574,
572.6400146,3.560580969,
572.789978,3.53580761,
572.9400024,3.558958292,
573.2299805,3.468508482,
573.3800049,3.352690697,
573.5200195,3.400140047,
573.8200073,3.440477371,
573.9699707,3.355603456,
574.2600098,3.275188684,
574.4099731,3.142533779,
574.5499878,3.140399694,
574.8499756,3.298048258,
575,3.339186192,
575.1400146,3.133332491,
575.4400024,3.10952425,
575.5800171,3.203619957,
575.7299805,3.099167347,
576.0200195,3.009950399,
576.1699829,3.206863642,
576.4699707,2.987357616,
576.6099854,2.941158772,
576.7600098,3.011503935,
577.0499878,2.994397879,
577.2000122,2.867660046,
577.3499756,2.807199001,
577.6400146,2.779967546,
577.789978,2.670698166,
577.9400024,2.763415813,
578.2299805,2.769173861,
578.3800049,2.690503597,
578.5200195,2.64751482,
578.8200073,2.65563488,
578.9699707,2.761519432,
579.2600098,2.508221626,
579.4099731,2.625416994,
579.5499878,2.519011974,
579.8499756,2.541387558,
580,2.531738043,
580.1400146,2.457192898,
580.4299927,2.393308401,
580.5700073,2.479900122,
580.7199707,2.430104733,
581.0100098,2.476933241,
581.1500244,2.355726719,
581.4400024,2.227306366,
581.5900269,2.329124212,
581.7299805,2.494342089,
582.0200195,2.264457464,
582.1699829,2.194669485,
582.460022,2.205803394,
582.5999756,2.240855932,
582.75,2.206153393,
583.039978,2.213161945,
583.1799927,2.10710001,
583.3300171,2.249819517,
583.6199951,1.985259175,
583.7600098,2.22598815,
584.0499878,2.095525503,
584.2000122,2.156632662,
584.3400269,2.043357372,
584.6300049,2.068513632,
584.7800293,1.98701489,
585.0700073,2.111151218,
585.210022,1.925328612,
585.3599854,2.029981136,
585.6500244,1.902499795,
585.789978,1.926369905,
585.9400024,1.933658838,
586.2299805,1.862328768,
586.3699951,1.899363756,
586.5200195,1.930034757,
586.8099976,1.797655821,
586.9500122,1.835948706,
587.2399902,1.832709312,
587.3900146,1.820793748,
587.5300293,1.793504357,
587.8200073,1.791887641,
587.9699707,1.770980954,
588.2600098,1.632585406,
588.4000244,1.702647328,
588.5499878,1.73015523,
588.8400269,1.729144454,
588.9799805,1.595728636,
589.1300049,1.675533056,
589.4199829,1.688463688,
589.5599976,1.580450296,
589.8499756,1.517836094,
590,1.675011754,
590.1400146,1.636941671,
590.4299927,1.619974494,
590.5700073,1.491171718,
590.7199707,1.571671844,
591.0100098,1.60793972,
591.1500244,1.419280648,
591.4400024,1.454405546,
591.5900269,1.441494226,
591.7299805,1.402082682,
592.0200195,1.465321779,
592.1699829,1.492455482,
592.460022,1.462343097,
592.5999756,1.430858016,
592.75,1.424896836,
593.039978,1.393488646,
593.1799927,1.436649203,
593.3300171,1.267449975,
593.6199951,1.441249132,
593.7600098,1.330643892,
594.0499878,1.443309069,
594.2000122,1.318766356,
594.3400269,1.434069633,
594.6300049,1.210930824,
594.7800293,1.33631897,
595.0700073,1.333046675,
595.210022,1.280123234,
595.3599854,1.240463972,
595.6500244,1.353205204,
595.789978,1.258288383,
595.9400024,1.244439006,
596.2299805,1.230041862,
596.3699951,1.242100477,
596.5200195,1.24309063,
596.8099976,1.033980608,
596.9500122,1.240096092,
597.2399902,1.177597523,
597.3900146,1.19908452,
597.5300293,1.160702944,
597.8200073,1.163831711,
597.9699707,1.138051033,
598.2600098,1.072066069,
598.4000244,1.117912531,
598.5499878,1.027399302,
598.8400269,1.10123539,
598.9799805,1.036406875,
599.1300049,1.051269531,
599.4199829,1.096849322,
599.5599976,1.079933286,
599.8499756,0.9150435925,
600,0.9492588639,

Pyranine in 10M Water w/ 70:30 mol% 1-butanol:acetonitrile,
Pyranine in 10M Water w/ 70:30 mol% 1-butanol:acetonitrile
Collection Time: 2/7/2020 2:09:17 PM
Operator Name  :
Scan Software Version: 1.2(147)
Parameter List :
Instrument                        Cary Eclipse
Instrument Serial Number          MY16370002
Data mode                         Fluorescence
Scan mode                         Emission
X Mode                            Wavelength (nm)
Start (nm)                        380.00
Stop (nm)                         600.00
Ex. Wavelength (nm)               366.00
Ex. Slit (nm)                     5
Em. Slit (nm)                     1.5
Scan rate (nm/min)                60.00
Data interval (nm)                0.2000
Averaging Time (s)                0.2000
Excitation filter                 Auto
Emission filter                   Open
PMT voltage (V)                   Medium
Corrected spectra                 OFF
Method Log     :
Method Name    : Default
Date/Time stamp: 2/7/2020 2:07:54 PM
Method Modifications:
Em. Slit Width (nm): Changed: 2/7/2020 2:08:38 PM, Old:5, New:1.5
Scan Control Changed: 2/7/2020 2:08:38 PM, Old:Medium, New:Manual
Ave. time (s): Changed: 2/7/2020 2:08:38 PM, Old:0.10000, New:0.20000
Excitation Wavelength Changed: 2/7/2020 2:08:38 PM, Old: 350.00, New: 366.00
Data interval: Changed: 2/7/2020 2:08:38 PM, Old:   1.00, New:   0.20
Emission Wavelength Changed: 2/7/2020 2:08:38 PM, Old: 400.00, New: 380.00
End Method Modifications

