Pyranine in 1-butanol,,Pyranine in 1-butanol,,Pyranine in 1-butanol,,Pyranine in 1-butanol,,
Wavelength (nm),Intensity (a.u.),Wavelength (nm),Intensity (a.u.),Wavelength (nm),Intensity (a.u.),Wavelength (nm),Intensity (a.u.),
380,79.45265961,380,0.4491810203,380,5.194143295,380,5.351608276,
381.0599976,91.53988647,381.0599976,0.7885567546,381.0599976,7.722970963,380.1499939,5.456592083,
381.9599915,104.8462219,381.9599915,1.122625232,381.9599915,10.29854488,380.4500122,6.19893074,
383.0299988,113.7044373,383.0299988,1.318765283,383.0299988,11.27970219,380.6000061,6.562609673,
383.9299927,115.2506866,383.9299927,1.243936539,383.9299927,11.09582138,380.75,6.935265064,
385,111.2473068,385,1.173617601,385,10.13050175,381.0599976,7.590661526,
386.0599976,103.2841263,386.0599976,1.032586694,386.0599976,8.711202621,381.2099915,7.909421921,
386.9599915,93.34939575,386.9599915,0.7184684277,386.9599915,7.465297222,381.3599854,8.112366676,
388.0299988,83.91979218,388.0299988,0.732619524,388.0299988,6.580016136,381.6600037,9.009076118,
388.9299927,78.46688843,388.9299927,0.6991122961,388.9299927,6.257103443,381.8099976,9.769731522,
390,74.85409546,390,0.5306614637,390,5.766727924,381.9599915,10.07553577,
391.0599976,74.50444031,391.0599976,0.5997920036,391.0599976,6.002347946,382.269989,10.49762535,
391.9599915,76.01389313,391.9599915,0.7303543687,391.9599915,5.845684052,382.4200134,10.79303455,
393.0299988,79.83796692,393.0299988,0.6358680129,393.0299988,6.163991451,382.5700073,10.84835529,
393.9299927,84.09989929,393.9299927,0.6571329832,393.9299927,6.675382137,382.7200012,11.08078671,
395,91.92453766,395,0.7281937599,395,6.955734253,383.0299988,11.35426903,
396.0599976,102.3871231,396.0599976,0.7152319551,396.0599976,7.658888817,383.1799927,11.42804432,
396.9599915,117.3900299,396.9599915,0.8213835359,396.9599915,8.531622887,383.3299866,11.47311497,
398.0299988,144.8120117,398.0299988,0.9803310037,398.0299988,10.12598991,383.6300049,11.32257271,
398.9299927,179.8704987,398.9299927,1.225581288,398.9299927,12.73074436,383.7799988,11.41797543,
400,227.4676514,400,1.631855845,400,15.90265369,383.9299927,11.20141888,
401.0599976,291.8146057,401.0599976,2.118996859,401.0599976,20.20506096,384.2399902,10.86460495,
401.9599915,370.2401428,401.9599915,2.65420413,401.9599915,26.09560585,384.3900146,10.69084644,
403.0299988,482.0880127,403.0299988,3.450092554,403.0299988,33.63030624,384.5400085,10.52279186,
403.9299927,617.4642334,403.9299927,4.390365601,403.9299927,42.88879395,384.8399963,10.41224575,
405,792.4719849,405,5.807504177,405,55.37176132,385,10.17199326,
406.0599976,1000,406.0599976,7.326032162,406.0599976,72.25949097,385.1499939,9.889866829,
406.9599915,1000,406.9599915,8.863111496,406.9599915,87.81344604,385.4500122,9.461483955,
408.0299988,1000,408.0299988,11.14775562,408.0299988,110.1522217,385.6000061,9.186861992,
408.9299927,1000,408.9299927,13.54143238,408.9299927,133.5381317,385.75,8.953619003,
410,1000,410,16.25201035,410,161.4522552,386.0599976,8.66904068,
411.0599976,1000,411.0599976,20.21684647,411.0599976,190.1709747,386.2099915,8.681702614,
411.9599915,1000,411.9599915,22.17282295,411.9599915,214.2578278,386.3599854,8.417154312,
413.0299988,1000,413.0299988,25.24200439,413.0299988,242.2361145,386.6600037,7.863735676,
413.9299927,1000,413.9299927,27.78322411,413.9299927,264.0737305,386.8099976,7.660959244,
415,1000,415,30.88396072,415,291.9982605,386.9599915,7.494869232,
416.0599976,1000,416.0599976,33.48456573,416.0599976,315.282959,387.269989,7.347485542,
416.9599915,1000,416.9599915,34.81505203,416.9599915,331.8327637,387.4200134,7.086277485,
418.0299988,1000,418.0299988,36.5464325,418.0299988,347.8524475,387.5700073,6.941384792,
418.9299927,1000,418.9299927,37.77078629,418.9299927,355.1693726,387.7200012,6.846654892,
420,1000,420,38.77910614,420,365.8580017,388.0299988,6.442166328,
421.0599976,1000,421.0599976,39.30174255,421.0599976,371.4949341,388.1799927,6.526640892,
421.9599915,1000,421.9599915,39.87239838,421.9599915,373.6659241,388.3299866,6.492385387,
423.0299988,1000,423.0299988,39.44053268,423.0299988,373.5794983,388.6300049,6.340746403,
423.9299927,1000,423.9299927,39.27034378,423.9299927,372.5244141,388.7799988,6.279276371,
425,1000,425,38.90945435,425,366.5700073,388.9299927,6.172187805,
426.0599976,1000,426.0599976,37.73608398,426.0599976,362.0382385,389.2399902,6.140172005,
426.9599915,1000,426.9599915,37.56386185,426.9599915,353.052124,389.3900146,6.114361763,
428.0299988,1000,428.0299988,36.9174118,428.0299988,346.5808105,389.5400085,6.025879383,
428.9299927,1000,428.9299927,35.94569016,428.9299927,341.1760254,389.8399963,5.917174339,
430,1000,430,35.52730942,430,334.9926758,390,5.926739216,
431.0599976,1000,431.0599976,34.79203415,431.0599976,330.0230408,390.1499939,5.933024406,
431.9599915,1000,431.9599915,33.87486267,431.9599915,323.4034119,390.4500122,5.866428375,
433.0299988,1000,433.0299988,33.65790939,433.0299988,318.6670837,390.6000061,5.860577583,
433.9299927,1000,433.9299927,33.60323334,433.9299927,315.0963745,390.75,5.965564728,
435,1000,435,33.14935303,435,312.15625,391.0599976,5.900902271,
436.0599976,1000,436.0599976,32.4483757,436.0599976,309.0336914,391.2099915,5.78249979,
436.9599915,1000,436.9599915,32.49531937,436.9599915,307.4362488,391.3599854,5.992349625,
438.0299988,1000,438.0299988,32.63996124,438.0299988,306.8878479,391.6600037,6.036433697,
438.9299927,1000,438.9299927,31.96306992,438.9299927,304.5878906,391.8099976,6.097681046,
440,1000,440,31.36750031,440,301.8528137,391.9599915,6.083631992,
441.0400085,1000,441.0400085,31.2089386,441.0400085,298.9370117,392.269989,6.132117748,
441.9400024,1000,441.9400024,30.83531761,441.9400024,294.5302734,392.4200134,6.238350868,
442.980011,1000,442.980011,30.90679169,442.980011,290.9211731,392.5700073,6.313597202,
444.019989,1000,444.019989,30.33711433,444.019989,286.8822327,392.7200012,6.300441742,
445.0700073,1000,445.0700073,29.76716805,445.0700073,279.4026489,393.0299988,6.265281677,
445.9700012,1000,445.9700012,28.99965286,445.9700012,274.9854126,393.1799927,6.500993252,
447.0100098,1000,447.0100098,28.49010277,447.0100098,269.9072876,393.3299866,6.48944664,
448.0499878,1000,448.0499878,27.89147758,448.0499878,262.2956848,393.6300049,6.560709953,
448.9500122,1000,448.9500122,26.5669384,448.9500122,253.6828461,393.7799988,6.631859303,
450,1000,450,25.90973473,450,244.8249054,393.9299927,6.815750122,
451.0599976,1000,451.0599976,24.41830826,451.0599976,235.6751709,394.2399902,6.951180935,
451.9599915,1000,451.9599915,23.72399712,451.9599915,228.2381897,394.3900146,6.736727238,
,,453.0299988,23.48779106,453.0299988,220.8631439,394.5400085,6.987595081,
,,453.9299927,22.95586967,453.9299927,214.6210938,394.8399963,7.124140263,
,,455,21.66137695,455,205.3427429,395,7.240935802,
,,456.0599976,21.16147232,456.0599976,197.7223358,395.1499939,7.09680748,
,,456.9599915,20.27959061,456.9599915,189.4608154,395.4500122,7.416368961,
,,458.0299988,19.4156971,458.0299988,183.4806976,395.6000061,7.485569954,
,,458.9299927,18.61094856,458.9299927,176.7460632,395.75,7.58306694,
,,460,17.8196125,460,169.1925659,396.0599976,7.694871426,
,,461.0400085,16.94839859,461.0400085,163.3061829,396.2099915,7.839934826,
,,461.9400024,16.81656456,461.9400024,157.7410278,396.3599854,8.173851013,
,,462.980011,15.92434406,462.980011,151.2496796,396.6600037,8.334953308,
,,464.019989,15.59974003,464.019989,145.5115509,396.8099976,8.479232788,
,,465.0700073,14.90708733,465.0700073,141.2668457,396.9599915,8.720762253,
,,465.9700012,14.47690487,465.9700012,137.8395386,397.269989,9.024181366,
,,467.0100098,14.18319225,467.0100098,132.4719849,397.4200134,9.265805244,
,,468.0499878,13.49679375,468.0499878,128.6042633,397.5700073,9.672483444,
,,468.9500122,13.28525352,468.9500122,124.7057648,397.7200012,9.897023201,
,,470,12.71121407,470,120.6365814,398.0299988,10.36998463,
,,471.0400085,12.35214806,471.0400085,115.8238297,398.1799927,10.40236855,
,,471.9400024,11.79874802,471.9400024,113.3264694,398.3299866,10.68976688,
,,472.980011,11.42957783,472.980011,110.2863083,398.6300049,11.62912655,
,,474.019989,11.15738964,474.019989,105.0105133,398.7799988,12.303936,
,,475.0700073,10.72698784,475.0700073,101.106163,398.9299927,12.59208679,
,,475.9700012,10.52294254,475.9700012,98.31623077,399.2399902,13.26298714,
,,477.0100098,10.11254215,477.0100098,94.35270691,399.3900146,13.40769386,
,,478.0499878,9.814069748,478.0499878,91.493927,399.5400085,13.92351818,
,,478.9500122,9.117109299,478.9500122,87.04501343,399.8399963,15.20249081,
,,480,8.693965912,480,84.66819,400,15.93444538,
,,481.0400085,8.495030403,481.0400085,81.12729645,400.1499939,16.57294655,
,,481.9400024,8.176837921,481.9400024,77.38141632,400.4500122,17.74213028,
,,482.980011,7.866193771,482.980011,73.820755,400.6000061,18.02898216,
,,484.019989,7.396054745,484.019989,70.78827667,400.75,18.74894524,
,,485.0700073,6.894598484,485.0700073,67.45392609,401.0599976,20.40539551,
,,485.9700012,6.905372143,485.9700012,63.42844009,401.2099915,21.85844231,
,,487.0100098,6.368256092,487.0100098,60.4701004,401.3599854,22.93406487,
,,488.0499878,5.799937248,488.0499878,57.49811935,401.6600037,24.21236801,
,,488.9500122,5.776608467,488.9500122,55.17134094,401.8099976,25.03133011,
,,490,5.360019684,490,52.75686646,401.9599915,25.96144867,
,,491.0400085,5.279380322,491.0400085,50.20933914,402.269989,28.26675797,
,,491.9400024,5.05714941,491.9400024,48.32448578,402.4200134,30.01056671,
,,492.980011,4.649290085,492.980011,45.33219147,402.5700073,31.07711411,
,,494.019989,4.458578587,494.019989,43.5052681,402.7200012,32.03161621,
,,495.0700073,4.528628349,495.0700073,41.53118515,403.0299988,33.78160477,
,,495.9700012,4.225068092,495.9700012,39.88931656,403.1799927,34.87651062,
,,497.0100098,4.004698277,497.0100098,37.32414627,403.3299866,36.55804443,
,,498.0499878,3.744410515,498.0499878,36.20981979,403.6300049,40.89715576,
,,498.9500122,3.545128822,498.9500122,34.90858078,403.7799988,41.7420845,
,,500,3.419139624,500,33.02745438,403.9299927,43.10003281,
,,501.0400085,3.363098621,501.0400085,31.14415169,404.2399902,45.75952911,
,,501.9400024,3.379380465,501.9400024,31.06431961,404.3900146,47.18976593,
,,502.980011,3.040997028,502.980011,28.98361015,404.5400085,48.98601913,
,,504.019989,2.931981802,504.019989,27.99977112,404.8399963,54.08816147,
,,505.0700073,2.719675541,505.0700073,26.59075356,405,56.00933456,
,,505.9700012,2.90668726,505.9700012,25.48184586,405.1499939,57.86981583,
,,507.0100098,2.585881472,507.0100098,24.46041489,405.4500122,60.98176956,
,,508.0499878,2.540918112,508.0499878,23.44049644,405.6000061,62.57814026,
,,508.9500122,2.266183615,508.9500122,22.39821434,405.75,65.0955658,
,,510,2.319383383,510,21.49056244,406.0599976,72.77565002,
,,511.019989,2.270555973,511.019989,20.64198685,406.2099915,75.93741608,
,,512.0499878,1.995098591,512.0499878,19.73003769,406.3599854,78.27791595,
,,512.9400024,2.107435226,512.9400024,18.5186348,406.6600037,82.04600525,
,,513.9699707,1.911696076,513.9699707,18.04065323,406.8099976,85.05536652,
,,515,1.703598976,515,17.13300896,406.9599915,87.9804306,
,,516.0200195,1.707242846,516.0200195,16.46913719,407.269989,97.04554749,
,,517.0499878,1.781370282,517.0499878,15.6268034,407.4200134,100.3084183,
,,517.9400024,1.60946238,517.9400024,15.18853474,407.5700073,102.5011368,
,,518.9699707,1.629264355,518.9699707,14.39376068,407.7200012,104.4777222,
,,520,1.607706666,520,14.01917744,408.0299988,110.3499908,
,,521.039978,1.391708493,521.039978,13.1505518,408.1799927,114.788002,
,,521.9400024,1.393074989,521.9400024,12.52164364,408.3299866,118.857048,
,,522.9799805,1.249399424,522.9799805,11.95895195,408.6300049,129.1412506,
,,524.0200195,1.360009313,524.0200195,11.59757423,408.7799988,131.6089172,
,,525.0700073,1.254008651,525.0700073,11.22150135,408.9299927,133.3926697,
,,525.9699707,1.187180996,525.9699707,10.88618088,409.2399902,139.5889435,
,,527.0100098,1.238246322,527.0100098,10.20522213,409.3900146,143.2553864,
,,528.0499878,1.044053912,528.0499878,9.890288353,409.5400085,147.8485565,
,,528.9500122,1.05531776,528.9500122,9.388151169,409.8399963,158.5314789,
,,530,0.9392512441,530,8.817401886,410,161.7160797,
,,531.0200195,0.9502876997,531.0200195,8.52657795,410.1499939,164.7608795,
,,532.0499878,0.8466116786,532.0499878,8.073890686,410.4500122,171.6501312,
,,532.9400024,0.8540254235,532.9400024,7.777340889,410.6000061,175.7523651,
,,533.9699707,0.7690792084,533.9699707,7.341790199,410.75,181.5621033,
,,535,0.7351263762,535,7.136752129,411.0599976,193.9339447,
,,536.0200195,0.7220724225,536.0200195,6.969143867,411.2099915,196.681778,
,,537.0499878,0.6921982765,537.0499878,6.447444916,411.3599854,199.4817352,
,,537.9400024,0.6566960216,537.9400024,6.380029678,411.6600037,206.9808655,
,,538.9699707,0.6490126848,538.9699707,6.046313286,411.8099976,211.5190887,
,,540,0.5863344073,540,5.856580257,411.9599915,215.8281555,
,,541.0200195,0.5747613907,541.0200195,5.399302483,412.269989,227.8141479,
,,542.0499878,0.4774799049,542.0499878,5.344601154,412.4200134,230.3907471,
,,542.9400024,0.5142032504,542.9400024,5.259471416,412.5700073,232.7557373,
,,543.9699707,0.557313621,543.9699707,4.965067863,412.7200012,237.4788361,
,,545,0.5891959071,545,4.883641243,413.0299988,244.9973755,
,,546.0200195,0.5595448613,546.0200195,4.613812447,413.1799927,250.5345612,
,,547.0499878,0.5381551981,547.0499878,4.219202042,413.3299866,256.427124,
,,547.9400024,0.5343851447,547.9400024,4.278473854,413.6300049,262.7102661,
,,548.9699707,0.4544028938,548.9699707,3.983964205,413.7799988,265.2115479,
,,550,0.3740237355,550,3.718926191,413.9299927,268.8394165,
,,551.0200195,0.3458184302,551.0200195,3.742954969,414.2399902,275.1370239,
,,552.0499878,0.4065932631,552.0499878,3.661526203,414.3900146,280.3804016,
,,552.9400024,0.3590523601,552.9400024,3.44587326,414.5400085,284.9734192,
,,553.9699707,0.2790794373,553.9699707,3.346637964,414.8399963,292.0613403,
,,555,0.3299513161,555,3.156662464,415,294.0247192,
,,556.0200195,0.3790990114,556.0200195,3.100099564,415.1499939,296.541748,
,,557.0499878,0.3252488673,557.0499878,3.00474453,415.4500122,303.7193909,
,,557.9400024,0.318230629,557.9400024,2.860919476,415.6000061,308.2080078,
,,558.9699707,0.3253131807,558.9699707,2.556001186,415.75,312.6660767,
,,560,0.2844069004,560,2.697509527,416.0599976,320.8033447,
,,561.0200195,0.251126945,561.0200195,2.602626324,416.2099915,320.6919861,
,,562.0499878,0.3185458779,562.0499878,2.497295618,416.3599854,324.3968506,
,,562.9400024,0.2789913416,562.9400024,2.260938168,416.6600037,330.1552429,
,,563.9699707,0.2409546822,563.9699707,2.124285936,416.8099976,332.8906555,
,,565,0.2184219658,565,2.206976891,416.9599915,337.1029358,
,,566.0200195,0.2314502299,566.0200195,2.058017731,417.269989,342.6110535,
,,567.0499878,0.3005974293,567.0499878,1.990198135,417.4200134,342.9588318,
,,567.9400024,0.1627420932,567.9400024,1.925624967,417.5700073,344.4751282,
,,568.9699707,0.1556129605,568.9699707,1.870925307,417.7200012,347.0184326,
,,570,0.2160173804,570,1.866042495,418.0299988,352.8616028,
,,571.0200195,0.1315575242,571.0200195,1.795296788,418.1799927,355.0192566,
,,572.0499878,0.1792369485,572.0499878,1.678179264,418.3299866,356.9228821,
,,572.9400024,0.1832520664,572.9400024,1.626036763,418.6300049,359.2196655,
,,573.9699707,0.1330928802,573.9699707,1.606671453,418.7799988,360.9408264,
,,575,0.1761769652,575,1.456119895,418.9299927,362.0420227,
,,576.0200195,0.1787949204,576.0200195,1.468657732,419.2399902,365.0286255,
,,577.0499878,0.1658958048,577.0499878,1.521210313,419.3900146,367.1792297,
,,577.9400024,0.2084351182,577.9400024,1.383011222,419.5400085,368.6202087,
,,578.9699707,0.08595609665,578.9699707,1.453237176,419.8399963,369.7955017,
,,580,0.2441296577,580,1.306631446,420,371.8109436,
,,581.0100098,0.1292515695,581.0100098,1.096433997,420.1499939,371.8030701,
,,582.0200195,0.1304945052,582.0200195,1.238207221,420.4500122,375.0591431,
,,583.039978,0.2259211391,583.039978,1.101721287,420.6000061,376.8685303,
,,584.0499878,0.1079460979,584.0499878,1.120229363,420.75,376.803009,
,,585.0700073,0.09578054398,585.0700073,1.1577425,421.0599976,378.0507813,
,,585.9400024,0.2682368159,585.9400024,1.066975236,421.2099915,377.3786926,
,,586.9500122,0.1199858561,586.9500122,0.980404675,421.3599854,378.4631042,
,,587.9699707,0.0694128871,587.9699707,0.9715296626,421.6600037,379.3626404,
,,588.9799805,0.04369046912,588.9799805,1.003178716,421.8099976,379.6376953,
,,590,0.1070225686,590,0.9692527652,421.9599915,379.6249084,
,,591.0100098,0.1252387315,591.0100098,0.8759422898,422.269989,380.6582642,
,,592.0200195,0.1340174675,592.0200195,0.8169986606,422.4200134,380.1269531,
,,593.039978,0.1290297657,593.039978,0.9286350012,422.5700073,379.0997925,
,,594.0499878,0.103351824,594.0499878,0.8140212297,422.7200012,379.9588013,
,,595.0700073,0.09158767015,595.0700073,0.6979683638,423.0299988,378.7808228,
,,595.9400024,0.01903758757,595.9400024,0.8347664475,423.1799927,378.6742249,
,,596.9500122,0.0701110363,596.9500122,0.9264799356,423.3299866,377.9295044,
,,597.9699707,0.02540101856,597.9699707,0.7408237457,423.6300049,378.2265625,
,,598.9799805,0.08205516636,598.9799805,0.814661324,423.7799988,377.4566956,
,,600,0.1201626658,600,0.6896639466,423.9299927,376.4797363,
,,,,,,424.2399902,375.967041,
,,,,,,424.3900146,374.4896851,
,,,,,,424.5400085,374.5346069,
,,,,,,424.8399963,373.3984985,
,,,,,,425,372.1401978,
,,,,,,425.1499939,372.5552673,
,,,,,,425.4500122,370.62323,
,,,,,,425.6000061,368.4760437,
,,,,,,425.75,368.0581055,
,,,,,,426.0599976,366.4878845,
,,,,,,426.2099915,364.7799072,
,,,,,,426.3599854,364.5884705,
,,,,,,426.6600037,361.312439,
,,,,,,426.8099976,360.098999,
,,,,,,426.9599915,360.4277954,
,,,,,,427.269989,357.6938477,
,,,,,,427.4200134,357.1201782,
,,,,,,427.5700073,357.4719238,
,,,,,,427.7200012,353.3632813,
,,,,,,428.0299988,352.6002502,
,,,,,,428.1799927,351.2262573,
,,,,,,428.3299866,349.95401,
,,,,,,428.6300049,347.6195374,
,,,,,,428.7799988,348.0175781,
,,,,,,428.9299927,346.2258301,
,,,,,,429.2399902,343.1529846,
,,,,,,429.3900146,342.1869507,
,,,,,,429.5400085,341.6862793,
,,,,,,429.8399963,339.8662109,
,,,,,,430,338.9794006,
,,,,,,430.1499939,337.25,
,,,,,,430.4500122,335.5499268,
,,,,,,430.6000061,334.5428467,
,,,,,,430.75,334.2067871,
,,,,,,431.0599976,333.3845825,
,,,,,,431.2099915,331.997345,
,,,,,,431.3599854,331.0464172,
,,,,,,431.6600037,328.8306885,
,,,,,,431.8099976,327.9133301,
,,,,,,431.9599915,327.3114624,
,,,,,,432.269989,327.7287292,
,,,,,,432.4200134,326.6651001,
,,,,,,432.5700073,324.8952332,
,,,,,,432.7200012,325.0463867,
,,,,,,433.0299988,323.7896118,
,,,,,,433.1799927,323.37854,
,,,,,,433.3299866,323.1177063,
,,,,,,433.6300049,322.7160339,
,,,,,,433.7799988,321.3467712,
,,,,,,433.9299927,320.4134216,
,,,,,,434.2399902,320.2079468,
,,,,,,434.3900146,319.216217,
,,,,,,434.5400085,318.1473083,
,,,,,,434.8399963,318.0779724,
,,,,,,435,317.7294617,
,,,,,,435.1499939,317.6935425,
,,,,,,435.4500122,317.2242432,
,,,,,,435.6000061,315.2099304,
,,,,,,435.75,315.4682007,
,,,,,,436.0599976,315.5851135,
,,,,,,436.2099915,315.1929321,
,,,,,,436.3599854,314.6208496,
,,,,,,436.6600037,313.6597595,
,,,,,,436.8099976,313.723938,
,,,,,,436.9599915,312.9087524,
,,,,,,437.269989,311.9376526,
,,,,,,437.4200134,312.7993469,
,,,,,,437.5700073,311.2868347,
,,,,,,437.7200012,310.5160217,
,,,,,,438.0299988,310.7522888,
,,,,,,438.1799927,311.2465515,
,,,,,,438.3299866,309.7105408,
,,,,,,438.6300049,310.2154236,
,,,,,,438.7799988,308.607666,
,,,,,,438.9299927,308.8698425,
,,,,,,439.2399902,308.6825256,
,,,,,,439.3900146,307.5953064,
,,,,,,439.5400085,308.0557861,
,,,,,,439.8399963,307.0391541,
,,,,,,440,305.2101135,
,,,,,,440.1400146,305.1412354,
,,,,,,440.4400024,305.3895874,
,,,,,,440.5899963,304.1860046,
,,,,,,440.7399902,305.1821899,
,,,,,,441.0400085,303.3271484,
,,,,,,441.1900024,302.1211853,
,,,,,,441.3399963,302.7138367,
,,,,,,441.6400146,301.2351379,
,,,,,,441.7900085,300.7757874,
,,,,,,441.9400024,299.5614014,
,,,,,,442.230011,299.572052,
,,,,,,442.3800049,297.6917114,
,,,,,,442.5299988,297.7762756,
,,,,,,442.8299866,297.1555786,
,,,,,,442.980011,296.7014465,
,,,,,,443.1300049,296.3118286,
,,,,,,443.4299927,294.5877991,
,,,,,,443.5799866,294.0881653,
,,,,,,443.730011,293.2052612,
,,,,,,444.019989,291.6940002,
,,,,,,444.1700134,290.1989441,
,,,,,,444.3200073,291.2805176,
,,,,,,444.6199951,289.2915039,
,,,,,,444.769989,287.6071777,
,,,,,,445.0700073,285.1941528,
,,,,,,445.2200012,285.0566711,
,,,,,,445.3699951,283.9979858,
,,,,,,445.6700134,282.1322632,
,,,,,,445.8200073,281.479126,
,,,,,,445.9700012,279.8628235,
,,,,,,446.2600098,278.5118103,
,,,,,,446.4100037,278.0198975,
,,,,,,446.5599976,276.6882629,
,,,,,,446.7099915,276.5297546,
,,,,,,447.0100098,273.630188,
,,,,,,447.1600037,271.6858521,
,,,,,,447.4599915,269.9636841,
,,,,,,447.6099854,269.8161316,
,,,,,,447.7600098,269.0108643,
,,,,,,448.0499878,267.0140991,
,,,,,,448.2000122,264.857666,
,,,,,,448.3500061,264.1056213,
,,,,,,448.6499939,261.0828552,
,,,,,,448.7999878,261.0386353,
,,,,,,448.9500122,259.6176758,
,,,,,,449.25,257.8343506,
,,,,,,449.3999939,255.5213623,
,,,,,,449.5499878,254.4588776,
,,,,,,449.8500061,251.8780823,
,,,,,,450,250.7280426,
,,,,,,450.1499939,249.7637024,
,,,,,,450.4500122,246.8000641,
,,,,,,450.6000061,245.7208099,
,,,,,,450.75,243.5125885,
,,,,,,451.0599976,242.0465851,
,,,,,,451.2099915,240.7943115,
,,,,,,451.3599854,239.5146332,
,,,,,,451.6600037,237.3127899,
,,,,,,451.8099976,235.4696045,
,,,,,,451.9599915,234.4469452,
,,,,,,452.269989,231.2447205,
,,,,,,452.4200134,230.4029846,
,,,,,,452.5700073,229.1210632,
,,,,,,452.7200012,228.1942444,
,,,,,,453.0299988,226.6068726,
,,,,,,453.1799927,224.1086731,
,,,,,,453.3299866,222.6629639,
,,,,,,453.6300049,221.3528595,
,,,,,,453.7799988,219.6739044,
,,,,,,453.9299927,218.9938965,
,,,,,,454.2399902,215.5276642,
,,,,,,454.3900146,213.6209412,
,,,,,,454.5400085,212.4989777,
,,,,,,454.8399963,210.7398834,
,,,,,,455,210.1920013,
,,,,,,455.1499939,207.976181,
,,,,,,455.4500122,205.1624451,
,,,,,,455.6000061,203.3785858,
,,,,,,455.75,202.5510406,
,,,,,,456.0599976,200.8703308,
,,,,,,456.2099915,199.9474792,
,,,,,,456.3599854,199.0220642,
,,,,,,456.6600037,195.5095825,
,,,,,,456.8099976,194.1736298,
,,,,,,456.9599915,192.9577179,
,,,,,,457.269989,191.2225647,
,,,,,,457.4200134,191.3962555,
,,,,,,457.5700073,189.8654327,
,,,,,,457.7200012,189.1661377,
,,,,,,458.0299988,186.0300446,
,,,,,,458.1799927,184.7289124,
,,,,,,458.3299866,183.3732605,
,,,,,,458.6300049,181.7743988,
,,,,,,458.7799988,182.0869446,
,,,,,,458.9299927,180.683197,
,,,,,,459.2399902,177.1948242,
,,,,,,459.3900146,175.782196,
,,,,,,459.5400085,175.4507294,
,,,,,,459.8399963,173.5638123,
,,,,,,460,172.9995117,
,,,,,,460.1400146,172.0232391,
,,,,,,460.4400024,169.3600922,
,,,,,,460.5899963,168.1727142,
,,,,,,460.7399902,167.3920288,
,,,,,,461.0400085,166.2935028,
,,,,,,461.1900024,165.715744,
,,,,,,461.3399963,163.9771881,
,,,,,,461.6400146,162.1520996,
,,,,,,461.7900085,161.7913361,
,,,,,,461.9400024,160.0467072,
,,,,,,462.230011,159.2198486,
,,,,,,462.3800049,158.5834045,
,,,,,,462.5299988,157.7320251,
,,,,,,462.8299866,155.8851013,
,,,,,,462.980011,154.8802185,
,,,,,,463.1300049,154.3753357,
,,,,,,463.4299927,153.2881317,
,,,,,,463.5799866,152.7346649,
,,,,,,463.730011,151.4581604,
,,,,,,464.019989,150.1459808,
,,,,,,464.1700134,148.8703766,
,,,,,,464.3200073,148.3132935,
,,,,,,464.6199951,146.6167297,
,,,,,,464.769989,146.5751801,
,,,,,,465.0700073,144.9491272,
,,,,,,465.2200012,143.7362061,
,,,,,,465.3699951,142.6417694,
,,,,,,465.6700134,141.6058807,
,,,,,,465.8200073,141.1541595,
,,,,,,465.9700012,140.17276,
,,,,,,466.2600098,139.3651581,
,,,,,,466.4100037,138.9133301,
,,,,,,466.5599976,137.4083862,
,,,,,,466.7099915,137.3640137,
,,,,,,467.0100098,135.8423767,
,,,,,,467.1600037,135.5451508,
,,,,,,467.4599915,133.877121,
,,,,,,467.6099854,133.131958,
,,,,,,467.7600098,131.9436646,
,,,,,,468.0499878,131.407196,
,,,,,,468.2000122,131.0757904,
,,,,,,468.3500061,130.1224365,
,,,,,,468.6499939,129.3895416,
,,,,,,468.7999878,128.9323425,
,,,,,,468.9500122,127.5609436,
,,,,,,469.25,126.6425247,
,,,,,,469.3999939,125.5770187,
,,,,,,469.5499878,125.7583923,
,,,,,,469.8500061,124.3299561,
,,,,,,470,123.7015533,
,,,,,,470.1400146,122.7701187,
,,,,,,470.4400024,121.9331589,
,,,,,,470.5899963,121.4058151,
,,,,,,470.7399902,120.676506,
,,,,,,471.0400085,119.1506348,
,,,,,,471.1900024,118.5778809,
,,,,,,471.3399963,117.8878174,
,,,,,,471.6400146,117.1679306,
,,,,,,471.7900085,117.0883636,
,,,,,,471.9400024,117.0947495,
,,,,,,472.230011,115.2802353,
,,,,,,472.3800049,114.4210968,
,,,,,,472.5299988,113.9451599,
,,,,,,472.8299866,113.1871643,
,,,,,,472.980011,112.4836502,
,,,,,,473.1300049,112.1943512,
,,,,,,473.4299927,110.6075592,
,,,,,,473.5799866,109.9601059,
,,,,,,473.730011,108.703537,
,,,,,,474.019989,108.5557404,
,,,,,,474.1700134,108.3246002,
,,,,,,474.3200073,107.310463,
,,,,,,474.6199951,105.8417969,
,,,,,,474.769989,104.6120911,
,,,,,,475.0700073,103.8317108,
,,,,,,475.2200012,102.9514008,
,,,,,,475.3699951,103.4447479,
,,,,,,475.6700134,102.1306,
,,,,,,475.8200073,101.3409195,
,,,,,,475.9700012,101.4670486,
,,,,,,476.2600098,99.89218903,
,,,,,,476.4100037,99.1558609,
,,,,,,476.5599976,98.74892426,
,,,,,,476.7099915,98.52179718,
,,,,,,477.0100098,96.85276031,
,,,,,,477.1600037,96.13317108,
,,,,,,477.4599915,95.08795929,
,,,,,,477.6099854,95.52668762,
,,,,,,477.7600098,94.70955658,
,,,,,,478.0499878,93.74494934,
,,,,,,478.2000122,92.96430206,
,,,,,,478.3500061,92.24011993,
,,,,,,478.6499939,90.23620605,
,,,,,,478.7999878,90.06561279,
,,,,,,478.9500122,89.99536896,
,,,,,,479.25,89.12162781,
,,,,,,479.3999939,88.08105469,
,,,,,,479.5499878,87.54434967,
,,,,,,479.8500061,86.76818085,
,,,,,,480,86.59568024,
,,,,,,480.1400146,86.01548767,
,,,,,,480.4400024,85.19377899,
,,,,,,480.5899963,84.54566193,
,,,,,,480.7399902,82.93894196,
,,,,,,481.0400085,82.52931213,
,,,,,,481.1900024,82.49920654,
,,,,,,481.3399963,81.77336121,
,,,,,,481.6400146,80.64069366,
,,,,,,481.7900085,79.95015717,
,,,,,,481.9400024,79.12371063,
,,,,,,482.230011,78.46918488,
,,,,,,482.3800049,78.31903076,
,,,,,,482.5299988,77.3078537,
,,,,,,482.8299866,76.47510529,
,,,,,,482.980011,76.19862366,
,,,,,,483.1300049,75.05184937,
,,,,,,483.4299927,74.04177856,
,,,,,,483.5799866,73.53743744,
,,,,,,483.730011,73.16770935,
,,,,,,484.019989,72.52747345,
,,,,,,484.1700134,71.27662659,
,,,,,,484.3200073,70.26208496,
,,,,,,484.6199951,69.43118286,
,,,,,,484.769989,69.39229584,
,,,,,,485.0700073,68.32765198,
,,,,,,485.2200012,68.27030945,
,,,,,,485.3699951,66.99886322,
,,,,,,485.6700134,66.59804535,
,,,,,,485.8200073,66.13710785,
,,,,,,485.9700012,66.00650024,
,,,,,,486.2600098,65.28469849,
,,,,,,486.4100037,64.37876129,
,,,,,,486.5599976,64.06291199,
,,,,,,486.7099915,63.54071045,
,,,,,,487.0100098,62.05134201,
,,,,,,487.1600037,62.00432968,
,,,,,,487.4599915,61.21027374,
,,,,,,487.6099854,61.14681625,
,,,,,,487.7600098,60.35191727,
,,,,,,488.0499878,59.10449219,
,,,,,,488.2000122,58.55226898,
,,,,,,488.3500061,58.46016312,
,,,,,,488.6499939,57.42576981,
,,,,,,488.7999878,57.15718842,
,,,,,,488.9500122,56.98231125,
,,,,,,489.25,55.80363846,
,,,,,,489.3999939,55.64347839,
,,,,,,489.5499878,55.2962532,
,,,,,,489.8500061,54.59544754,
,,,,,,490,53.93550873,
,,,,,,490.1400146,53.54209137,
,,,,,,490.4400024,52.52527618,
,,,,,,490.5899963,52.29779434,
,,,,,,490.7399902,52.1444664,
,,,,,,491.0400085,51.68158722,
,,,,,,491.1900024,51.76374435,
,,,,,,491.3399963,51.01130676,
,,,,,,491.6400146,49.83340836,
,,,,,,491.7900085,49.63759995,
,,,,,,491.9400024,49.50894928,
,,,,,,492.230011,48.86624527,
,,,,,,492.3800049,48.46351242,
,,,,,,492.5299988,48.43592834,
,,,,,,492.8299866,46.97933197,
,,,,,,492.980011,46.65368652,
,,,,,,493.1300049,46.54761505,
,,,,,,493.4299927,46.02556992,
,,,,,,493.5799866,45.69497681,
,,,,,,493.730011,45.11929321,
,,,,,,494.019989,44.28263855,
,,,,,,494.1700134,44.34474945,
,,,,,,494.3200073,43.95716095,
,,,,,,494.6199951,43.4967308,
,,,,,,494.769989,43.36587524,
,,,,,,495.0700073,42.4108696,
,,,,,,495.2200012,41.88283157,
,,,,,,495.3699951,41.71012115,
,,,,,,495.6700134,41.52286148,
,,,,,,495.8200073,41.38737106,
,,,,,,495.9700012,41.11460495,
,,,,,,496.2600098,40.22094345,
,,,,,,496.4100037,39.8461113,
,,,,,,496.5599976,39.64245224,
,,,,,,496.7099915,39.50674438,
,,,,,,497.0100098,39.14851379,
,,,,,,497.1600037,38.89364624,
,,,,,,497.4599915,38.08847809,
,,,,,,497.6099854,37.68843842,
,,,,,,497.7600098,37.33043289,
,,,,,,498.0499878,37.03059769,
,,,,,,498.2000122,36.90138245,
,,,,,,498.3500061,36.61634445,
,,,,,,498.6499939,36.00875854,
,,,,,,498.7999878,35.80817413,
,,,,,,498.9500122,35.69160843,
,,,,,,499.25,35.43489456,
,,,,,,499.3999939,35.3854866,
,,,,,,499.5499878,34.69662857,
,,,,,,499.8500061,34.17781067,
,,,,,,500,33.9776535,
,,,,,,500.1400146,33.94422531,
,,,,,,500.4400024,33.65345764,
,,,,,,500.5899963,33.22330856,
,,,,,,500.7399902,33.00514984,
,,,,,,501.0400085,32.45922852,
,,,,,,501.1900024,32.32597351,
,,,,,,501.3399963,31.95830727,
,,,,,,501.6400146,31.94098091,
,,,,,,501.7900085,31.60906601,
,,,,,,501.9400024,31.62748718,
,,,,,,502.230011,30.91732216,
,,,,,,502.3800049,30.67066765,
,,,,,,502.5299988,30.37863731,
,,,,,,502.8299866,30.24388504,
,,,,,,502.980011,29.61584663,
,,,,,,503.1300049,30.14806366,
,,,,,,503.4299927,29.26705551,
,,,,,,503.5799866,29.18930626,
,,,,,,503.730011,28.83285713,
,,,,,,504.019989,28.63716316,
,,,,,,504.1700134,28.32014084,
,,,,,,504.3200073,28.41530609,
,,,,,,504.6199951,27.56865692,
,,,,,,504.769989,27.4604454,
,,,,,,505.0700073,26.9797039,
,,,,,,505.2200012,26.95822525,
,,,,,,505.3699951,27.17556572,
,,,,,,505.6700134,26.76380539,
,,,,,,505.8200073,26.71162033,
,,,,,,505.9700012,26.4350872,
,,,,,,506.2600098,25.87410355,
,,,,,,506.4100037,25.88444328,
,,,,,,506.5599976,25.88274956,
,,,,,,506.7099915,25.62210655,
,,,,,,507.0100098,25.00896645,
,,,,,,507.1600037,25.07041359,
,,,,,,507.4599915,24.79224205,
,,,,,,507.6099854,24.53775406,
,,,,,,507.7600098,24.62794685,
,,,,,,508.0499878,23.8421154,
,,,,,,508.2000122,23.850811,
,,,,,,508.3500061,23.71953773,
,,,,,,508.6499939,23.37520027,
,,,,,,508.7999878,23.43400955,
,,,,,,508.9500122,23.26668549,
,,,,,,509.25,22.85087395,
,,,,,,509.3999939,22.71596336,
,,,,,,509.5499878,22.38574028,
,,,,,,509.8500061,22.0432682,
,,,,,,510,21.84405708,
,,,,,,510.1400146,22.22427177,
,,,,,,510.4400024,22.02137184,
,,,,,,510.5799866,21.59716797,
,,,,,,510.730011,21.3798542,
,,,,,,511.019989,21.13182068,
,,,,,,511.1700134,20.85412025,
,,,,,,511.4700012,20.73857498,
,,,,,,511.6099854,20.54861832,
,,,,,,511.7600098,20.54883194,
,,,,,,512.0499878,20.1363945,
,,,,,,512.2000122,19.9821949,
,,,,,,512.3499756,20.13220596,
,,,,,,512.6400146,19.631567,
,,,,,,512.789978,19.4642334,
,,,,,,512.9400024,19.43896866,
,,,,,,513.2299805,18.94504738,
,,,,,,513.3800049,19.21600533,
,,,,,,513.5200195,18.96679688,
,,,,,,513.8200073,19.01394463,
,,,,,,513.9699707,18.70347977,
,,,,,,514.2600098,18.51605988,
,,,,,,514.4099731,18.13677979,
,,,,,,514.5499878,18.22952843,
,,,,,,514.8499756,18.01630974,
,,,,,,515,17.62352753,
,,,,,,515.1400146,17.7771244,
,,,,,,515.4400024,17.37252617,
,,,,,,515.5800171,17.32272148,
,,,,,,515.7299805,17.36322594,
,,,,,,516.0200195,17.13376236,
,,,,,,516.1699829,16.82259941,
,,,,,,516.4699707,16.61473465,
,,,,,,516.6099854,16.54063034,
,,,,,,516.7600098,16.63869667,
,,,,,,517.0499878,16.29128075,
,,,,,,517.2000122,15.99967861,
,,,,,,517.3499756,16.07537079,
,,,,,,517.6400146,15.91317368,
,,,,,,517.789978,15.86712933,
,,,,,,517.9400024,15.71106148,
,,,,,,518.2299805,15.41475105,
,,,,,,518.3800049,15.30917454,
,,,,,,518.5200195,15.41711903,
,,,,,,518.8200073,14.79851913,
,,,,,,518.9699707,14.9462595,
,,,,,,519.2600098,14.72210884,
,,,,,,519.4099731,14.66867638,
,,,,,,519.5499878,14.61439323,
,,,,,,519.8499756,14.50096512,
,,,,,,520,14.23364162,
,,,,,,520.1400146,14.28798676,
,,,,,,520.4400024,13.94177151,
,,,,,,520.5900269,14.06488419,
,,,,,,520.7399902,13.98880386,
,,,,,,521.039978,13.75239277,
,,,,,,521.1900024,13.49165249,
,,,,,,521.3400269,13.49841881,
,,,,,,521.6400146,13.42241573,
,,,,,,521.789978,13.24523163,
,,,,,,521.9400024,13.38321877,
,,,,,,522.2299805,12.76347542,
,,,,,,522.3800049,12.67741585,
,,,,,,522.5300293,12.68659115,
,,,,,,522.8300171,12.6793766,
,,,,,,522.9799805,12.61225986,
,,,,,,523.1300049,12.49661636,
,,,,,,523.4299927,12.34607792,
,,,,,,523.5800171,12.21386528,
,,,,,,523.7299805,12.07731819,
,,,,,,524.0200195,12.01447487,
,,,,,,524.1699829,11.91694546,
,,,,,,524.3200073,11.90037537,
,,,,,,524.6199951,11.66762066,
,,,,,,524.7700195,11.65797806,
,,,,,,525.0700073,11.46693611,
,,,,,,525.2199707,11.5849905,
,,,,,,525.3699951,11.25662613,
,,,,,,525.5200195,11.19583797,
,,,,,,525.8200073,11.01423073,
,,,,,,525.9699707,10.9382782,
,,,,,,526.2600098,10.78994083,
,,,,,,526.4099731,10.73151398,
,,,,,,526.5599976,10.69282818,
,,,,,,526.710022,10.78420448,
,,,,,,527.0100098,10.28285789,
,,,,,,527.1599731,10.33973026,
,,,,,,527.460022,10.2835474,
,,,,,,527.6099854,10.26644897,
,,,,,,527.7600098,10.19675541,
,,,,,,528.0499878,10.02135277,
,,,,,,528.2000122,9.922904968,
,,,,,,528.3499756,9.887800217,
,,,,,,528.6500244,9.687586784,
,,,,,,528.7999878,9.721739769,
,,,,,,528.9500122,9.75767231,
,,,,,,529.25,9.517902374,
,,,,,,529.4000244,9.471982956,
,,,,,,529.5499878,9.387618065,
,,,,,,529.8499756,9.159505844,
,,,,,,530,9.240897179,
,,,,,,530.1400146,9.122424126,
,,,,,,530.4400024,9.185749054,
,,,,,,530.5800171,8.952309608,
,,,,,,530.7299805,8.94360733,
,,,,,,531.0200195,8.696684837,
,,,,,,531.1699829,8.844956398,
,,,,,,531.4699707,8.594557762,
,,,,,,531.6099854,8.565558434,
,,,,,,531.7600098,8.577863693,
,,,,,,532.0499878,8.358114243,
,,,,,,532.2000122,8.214396477,
,,,,,,532.3499756,8.184310913,
,,,,,,532.6400146,8.145287514,
,,,,,,532.789978,7.898062706,
,,,,,,532.9400024,8.001296997,
,,,,,,533.2299805,7.744307041,
,,,,,,533.3800049,7.787930965,
,,,,,,533.5200195,7.863414288,
,,,,,,533.8200073,7.776497841,
,,,,,,533.9699707,7.799286366,
,,,,,,534.2600098,7.60305357,
,,,,,,534.4099731,7.56417799,
,,,,,,534.5499878,7.373438358,
,,,,,,534.8499756,7.355091572,
,,,,,,535,7.342531681,
,,,,,,535.1400146,7.355831146,
,,,,,,535.4400024,7.10629797,
,,,,,,535.5800171,7.179004669,
,,,,,,535.7299805,7.121950626,
,,,,,,536.0200195,6.914314747,
,,,,,,536.1699829,6.931054115,
,,,,,,536.4699707,6.88443327,
,,,,,,536.6099854,6.779711723,
,,,,,,536.7600098,6.797775745,
,,,,,,537.0499878,6.70301342,
,,,,,,537.2000122,6.540812492,
,,,,,,537.3499756,6.61306572,
,,,,,,537.6400146,6.515820026,
,,,,,,537.789978,6.496812344,
,,,,,,537.9400024,6.43581152,
,,,,,,538.2299805,6.363323212,
,,,,,,538.3800049,6.273722649,
,,,,,,538.5200195,6.391734123,
,,,,,,538.8200073,6.211211205,
,,,,,,538.9699707,6.232474327,
,,,,,,539.2600098,6.111127377,
,,,,,,539.4099731,6.073143005,
,,,,,,539.5499878,6.021589279,
,,,,,,539.8499756,5.966143131,
,,,,,,540,5.817628384,
,,,,,,540.1400146,5.829507351,
,,,,,,540.4400024,5.880456924,
,,,,,,540.5800171,5.848816872,
,,,,,,540.7299805,5.743890762,
,,,,,,541.0200195,5.710166454,
,,,,,,541.1699829,5.657779217,
,,,,,,541.4699707,5.503652096,
,,,,,,541.6099854,5.579634666,
,,,,,,541.7600098,5.614962101,
,,,,,,542.0499878,5.487015247,
,,,,,,542.2000122,5.410821438,
,,,,,,542.3499756,5.333259583,
,,,,,,542.6400146,5.172953606,
,,,,,,542.789978,5.367349148,
,,,,,,542.9400024,5.443041801,
,,,,,,543.2299805,5.229431629,
,,,,,,543.3800049,5.20788002,
,,,,,,543.5200195,5.145827293,
,,,,,,543.8200073,5.156389713,
,,,,,,543.9699707,5.241800308,
,,,,,,544.2600098,5.07095623,
,,,,,,544.4099731,5.11698103,
,,,,,,544.5499878,5.045425892,
,,,,,,544.8499756,4.808940411,
,,,,,,545,4.864683151,
,,,,,,545.1400146,4.857844353,
,,,,,,545.4400024,4.832289219,
,,,,,,545.5800171,4.911550522,
,,,,,,545.7299805,4.749680042,
,,,,,,546.0200195,4.617900372,
,,,,,,546.1699829,4.631979465,
,,,,,,546.4699707,4.533296585,
,,,,,,546.6099854,4.590323448,
,,,,,,546.7600098,4.537238598,
,,,,,,547.0499878,4.471843719,
,,,,,,547.2000122,4.540118217,
,,,,,,547.3499756,4.366530895,
,,,,,,547.6400146,4.324463367,
,,,,,,547.789978,4.402481556,
,,,,,,547.9400024,4.349817753,
,,,,,,548.2299805,4.305143356,
,,,,,,548.3800049,4.234612465,
,,,,,,548.5200195,4.231948376,
,,,,,,548.8200073,4.266590118,
,,,,,,548.9699707,4.198755741,
,,,,,,549.2600098,4.173659801,
,,,,,,549.4099731,4.166429043,
,,,,,,549.5499878,4.074961185,
,,,,,,549.8499756,4.070771694,
,,,,,,550,4.006113529,
,,,,,,550.1400146,3.934858322,
,,,,,,550.4400024,3.972910404,
,,,,,,550.5800171,3.969683409,
,,,,,,550.7299805,3.933093548,
,,,,,,551.0200195,3.840358973,
,,,,,,551.1699829,3.857909203,
,,,,,,551.4699707,3.815933466,
,,,,,,551.6099854,3.695444107,
,,,,,,551.7600098,3.816088676,
,,,,,,552.0499878,3.52680254,
,,,,,,552.2000122,3.636669159,
,,,,,,552.3499756,3.702719688,
,,,,,,552.6400146,3.632618904,
,,,,,,552.789978,3.668734789,
,,,,,,552.9400024,3.5055058,
,,,,,,553.2299805,3.552428246,
,,,,,,553.3800049,3.461674929,
,,,,,,553.5200195,3.581840992,
,,,,,,553.8200073,3.516253948,
,,,,,,553.9699707,3.523407459,
,,,,,,554.2600098,3.396341801,
,,,,,,554.4099731,3.366129637,
,,,,,,554.5499878,3.353574038,
,,,,,,554.8499756,3.341417313,
,,,,,,555,3.427687883,
,,,,,,555.1400146,3.242662668,
,,,,,,555.4400024,3.184919596,
,,,,,,555.5800171,3.260725021,
,,,,,,555.7299805,3.17310977,
,,,,,,556.0200195,3.14509511,
,,,,,,556.1699829,3.152810335,
,,,,,,556.4699707,3.138529778,
,,,,,,556.6099854,3.134757757,
,,,,,,556.7600098,3.038364887,
,,,,,,557.0499878,3.020056725,
,,,,,,557.2000122,3.059643269,
,,,,,,557.3499756,2.929721117,
,,,,,,557.6400146,3.048166752,
,,,,,,557.789978,2.932371616,
,,,,,,557.9400024,2.951695681,
,,,,,,558.2299805,2.849421978,
,,,,,,558.3800049,2.899986744,
,,,,,,558.5200195,2.9042871,
,,,,,,558.8200073,2.795480728,
,,,,,,558.9699707,2.788837671,
,,,,,,559.2600098,2.730353594,
,,,,,,559.4099731,2.753127813,
,,,,,,559.5499878,2.768913031,
,,,,,,559.8499756,2.653184652,
,,,,,,560,2.744440794,
,,,,,,560.1400146,2.761555195,
,,,,,,560.4400024,2.652299166,
,,,,,,560.5800171,2.629031658,
,,,,,,560.7299805,2.605347633,
,,,,,,561.0200195,2.622321606,
,,,,,,561.1699829,2.579126596,
,,,,,,561.4699707,2.523914337,
,,,,,,561.6099854,2.513283253,
,,,,,,561.7600098,2.611629248,
,,,,,,562.0499878,2.585085154,
,,,,,,562.2000122,2.592173815,
,,,,,,562.3499756,2.554630995,
,,,,,,562.6400146,2.509259939,
,,,,,,562.789978,2.433150291,
,,,,,,562.9400024,2.430007219,
,,,,,,563.2299805,2.48315382,
,,,,,,563.3800049,2.429788351,
,,,,,,563.5200195,2.368786573,
,,,,,,563.8200073,2.410753965,
,,,,,,563.9699707,2.351890564,
,,,,,,564.2600098,2.335508347,
,,,,,,564.4099731,2.28397131,
,,,,,,564.5499878,2.250252247,
,,,,,,564.8499756,2.243312359,
,,,,,,565,2.265216351,
,,,,,,565.1400146,2.23085618,
,,,,,,565.4400024,2.214504719,
,,,,,,565.5800171,2.151793718,
,,,,,,565.7299805,2.139629364,
,,,,,,566.0200195,2.190537453,
,,,,,,566.1699829,2.154803514,
,,,,,,566.4699707,2.151356459,
,,,,,,566.6099854,2.141247034,
,,,,,,566.7600098,2.014001608,
,,,,,,567.0499878,2.064759493,
,,,,,,567.2000122,2.071526766,
,,,,,,567.3499756,2.03222847,
,,,,,,567.6400146,2.063525677,
,,,,,,567.789978,1.9863832,
,,,,,,567.9400024,2.042103291,
,,,,,,568.2299805,1.99915123,
,,,,,,568.3800049,1.913585663,
,,,,,,568.5200195,1.978735924,
,,,,,,568.8200073,1.936034203,
,,,,,,568.9699707,1.903573751,
,,,,,,569.2600098,1.950673103,
,,,,,,569.4099731,1.888424397,
,,,,,,569.5499878,1.860135436,
,,,,,,569.8499756,1.78058517,
,,,,,,570,1.842894435,
,,,,,,570.1400146,1.826465964,
,,,,,,570.4400024,1.854291558,
,,,,,,570.5800171,1.826434135,
,,,,,,570.7299805,1.802610517,
,,,,,,571.0200195,1.771215081,
,,,,,,571.1699829,1.717058539,
,,,,,,571.4699707,1.694468021,
,,,,,,571.6099854,1.803734779,
,,,,,,571.7600098,1.755625725,
,,,,,,572.0499878,1.720170856,
,,,,,,572.2000122,1.73346591,
,,,,,,572.3499756,1.606562853,
,,,,,,572.6400146,1.654609084,
,,,,,,572.789978,1.688549757,
,,,,,,572.9400024,1.656201959,
,,,,,,573.2299805,1.655106187,
,,,,,,573.3800049,1.676805377,
,,,,,,573.5200195,1.664336801,
,,,,,,573.8200073,1.712704301,
,,,,,,573.9699707,1.666117787,
,,,,,,574.2600098,1.560275435,
,,,,,,574.4099731,1.623950601,
,,,,,,574.5499878,1.572571635,
,,,,,,574.8499756,1.580394387,
,,,,,,575,1.594744682,
,,,,,,575.1400146,1.532042623,
,,,,,,575.4400024,1.52528882,
,,,,,,575.5800171,1.545515656,
,,,,,,575.7299805,1.448744178,
,,,,,,576.0200195,1.47293663,
,,,,,,576.1699829,1.583290577,
,,,,,,576.4699707,1.530255795,
,,,,,,576.6099854,1.546290874,
,,,,,,576.7600098,1.460291743,
,,,,,,577.0499878,1.441262484,
,,,,,,577.2000122,1.468579531,
,,,,,,577.3499756,1.41225338,
,,,,,,577.6400146,1.413995385,
,,,,,,577.789978,1.338223934,
,,,,,,577.9400024,1.450315595,
,,,,,,578.2299805,1.475148559,
,,,,,,578.3800049,1.388649106,
,,,,,,578.5200195,1.416967869,
,,,,,,578.8200073,1.38041234,
,,,,,,578.9699707,1.366331697,
,,,,,,579.2600098,1.406407595,
,,,,,,579.4099731,1.340301991,
,,,,,,579.5499878,1.330355048,
,,,,,,579.8499756,1.331489921,
,,,,,,580,1.320094943,
,,,,,,580.1400146,1.301077127,
,,,,,,580.4299927,1.246450543,
,,,,,,580.5700073,1.302942753,
,,,,,,580.7199707,1.288904667,
,,,,,,581.0100098,1.285743713,
,,,,,,581.1500244,1.254405022,
,,,,,,581.4400024,1.315383554,
,,,,,,581.5900269,1.270415306,
,,,,,,581.7299805,1.246605396,
,,,,,,582.0200195,1.261000037,
,,,,,,582.1699829,1.284305811,
,,,,,,582.460022,1.296726346,
,,,,,,582.5999756,1.117359757,
,,,,,,582.75,1.194473743,
,,,,,,583.039978,1.203022361,
,,,,,,583.1799927,1.212704301,
,,,,,,583.3300171,1.18433547,
,,,,,,583.6199951,1.120976686,
,,,,,,583.7600098,1.13957417,
,,,,,,584.0499878,1.149442315,
,,,,,,584.2000122,1.073802948,
,,,,,,584.3400269,1.246501923,
,,,,,,584.6300049,1.200883269,
,,,,,,584.7800293,1.193912506,
,,,,,,585.0700073,1.084255099,
,,,,,,585.210022,1.117729187,
,,,,,,585.3599854,1.107362032,
,,,,,,585.6500244,1.153529644,
,,,,,,585.789978,1.046189904,
,,,,,,585.9400024,1.079376221,
,,,,,,586.2299805,1.114358187,
,,,,,,586.3699951,1.113001704,
,,,,,,586.5200195,1.079833627,
,,,,,,586.8099976,1.151194215,
,,,,,,586.9500122,1.113408208,
,,,,,,587.2399902,0.9988396168,
,,,,,,587.3900146,1.033869028,
,,,,,,587.5300293,0.9924480915,
,,,,,,587.8200073,1.104474425,
,,,,,,587.9699707,1.072728515,
,,,,,,588.2600098,0.9240747094,
,,,,,,588.4000244,1.04483664,
,,,,,,588.5499878,1.016750693,
,,,,,,588.8400269,1.086951137,
,,,,,,588.9799805,0.9648029804,
,,,,,,589.1300049,1.023091555,
,,,,,,589.4199829,0.9313563108,
,,,,,,589.5599976,0.9507162571,
,,,,,,589.8499756,0.9928803444,
,,,,,,590,0.9582032561,
,,,,,,590.1400146,0.9565118551,
,,,,,,590.4299927,0.9514629841,
,,,,,,590.5700073,0.9667118788,
,,,,,,590.7199707,0.9323894978,
,,,,,,591.0100098,0.9649350047,
,,,,,,591.1500244,0.9740403891,
,,,,,,591.4400024,0.9373750091,
,,,,,,591.5900269,0.9007766843,
,,,,,,591.7299805,0.9035259485,
,,,,,,592.0200195,0.9437583685,
,,,,,,592.1699829,0.8911141157,
,,,,,,592.460022,0.9280810356,
,,,,,,592.5999756,0.9249881506,
,,,,,,592.75,0.9061789513,
,,,,,,593.039978,0.9366817474,
,,,,,,593.1799927,0.8349568844,
,,,,,,593.3300171,0.799041152,
,,,,,,593.6199951,0.8675182462,
,,,,,,593.7600098,0.8828992844,
,,,,,,594.0499878,0.8012918234,
,,,,,,594.2000122,0.8309928775,
,,,,,,594.3400269,0.8138052821,
,,,,,,594.6300049,0.8541247249,
,,,,,,594.7800293,0.827038765,
,,,,,,595.0700073,0.8203205466,
,,,,,,595.210022,0.8179183006,
,,,,,,595.3599854,0.7672477961,
,,,,,,595.6500244,0.7777788639,
,,,,,,595.789978,0.7762506008,
,,,,,,595.9400024,0.8178983927,
,,,,,,596.2299805,0.8434939384,
,,,,,,596.3699951,0.7679629922,
,,,,,,596.5200195,0.7896763682,
,,,,,,596.8099976,0.7529531121,
,,,,,,596.9500122,0.7631449103,
,,,,,,597.2399902,0.7964653969,
,,,,,,597.3900146,0.7910333276,
,,,,,,597.5300293,0.7441959977,
,,,,,,597.8200073,0.7525796294,
,,,,,,597.9699707,0.7582437992,
,,,,,,598.2600098,0.7503452301,
,,,,,,598.4000244,0.7289000154,
,,,,,,598.5499878,0.748860836,
,,,,,,598.8400269,0.7069060802,
,,,,,,598.9799805,0.7676448226,
,,,,,,599.1300049,0.7674205899,
,,,,,,599.4199829,0.6907278299,
,,,,,,599.5599976,0.6887404323,
,,,,,,599.8499756,0.731135726,
,,,,,,600,0.7299112082,

Pyranine in 1-butanol,
Pyranine in 1-butanol
Collection Time: 1/24/2020 2:14:41 PM
Operator Name  :
Scan Software Version: 1.2(147)
Parameter List :
Instrument                        Cary Eclipse
Instrument Serial Number          MY16370002
Data mode                         Fluorescence
Scan mode                         Emission
X Mode                            Wavelength (nm)
Start (nm)                        380.00
Stop (nm)                         600.00
Ex. Wavelength (nm)               366.00
Ex. Slit (nm)                     10
Em. Slit (nm)                     5
Scan rate (nm/min)                300.00
Data interval (nm)                1.0000
Averaging Time (s)                0.2000
Excitation filter                 Auto
Emission filter                   Open
PMT voltage (V)                   Medium
Corrected spectra                 OFF
Method Log     :
Method Name    : Default
Date/Time stamp: 1/24/2020 2:13:19 PM
Method Modifications:
Ex. Slit Width (nm): Changed: 1/24/2020 2:14:21 PM, Old:5, New:10
Scan Control Changed: 1/24/2020 2:14:21 PM, Old:Medium, New:Manual
Ave. time (s): Changed: 1/24/2020 2:14:21 PM, Old:0.10000, New:0.20000
Excitation Wavelength Changed: 1/24/2020 2:14:21 PM, Old: 350.00, New: 366.00
Emission Wavelength Changed: 1/24/2020 2:14:21 PM, Old: 400.00, New: 380.00
End Method Modifications

Pyranine in 1-butanol,
Pyranine in 1-butanol
Collection Time: 1/24/2020 2:15:26 PM
Operator Name  :
Scan Software Version: 1.2(147)
Parameter List :
Instrument                        Cary Eclipse
Instrument Serial Number          MY16370002
Data mode                         Fluorescence
Scan mode                         Emission
X Mode                            Wavelength (nm)
Start (nm)                        380.00
Stop (nm)                         600.00
Ex. Wavelength (nm)               366.00
Ex. Slit (nm)                     5
Em. Slit (nm)                     1.5
Scan rate (nm/min)                300.00
Data interval (nm)                1.0000
Averaging Time (s)                0.2000
Excitation filter                 Auto
Emission filter                   Open
PMT voltage (V)                   Medium
Corrected spectra                 OFF
Method Log     :
Method Name    : Default
Date/Time stamp: 1/24/2020 2:13:19 PM
Method Modifications:
Ex. Slit Width (nm): Changed: 1/24/2020 2:14:21 PM, Old:5, New:10
Scan Control Changed: 1/24/2020 2:14:21 PM, Old:Medium, New:Manual
Ave. time (s): Changed: 1/24/2020 2:14:21 PM, Old:0.10000, New:0.20000
Excitation Wavelength Changed: 1/24/2020 2:14:21 PM, Old: 350.00, New: 366.00
Emission Wavelength Changed: 1/24/2020 2:14:21 PM, Old: 400.00, New: 380.00
Ex. Slit Width (nm): Changed: 1/24/2020 2:15:12 PM, Old:10, New:5
Em. Slit Width (nm): Changed: 1/24/2020 2:15:12 PM, Old:5, New:1.5
End Method Modifications

Pyranine in 1-butanol,
Pyranine in 1-butanol
Collection Time: 1/24/2020 2:16:37 PM
Operator Name  :
Scan Software Version: 1.2(147)
Parameter List :
Instrument                        Cary Eclipse
Instrument Serial Number          MY16370002
Data mode                         Fluorescence
Scan mode                         Emission
X Mode                            Wavelength (nm)
Start (nm)                        380.00
Stop (nm)                         600.00
Ex. Wavelength (nm)               366.00
Ex. Slit (nm)                     5
Em. Slit (nm)                     2.5
Scan rate (nm/min)                300.00
Data interval (nm)                1.0000
Averaging Time (s)                0.2000
Excitation filter                 Auto
Emission filter                   Open
PMT voltage (V)                   Medium
Corrected spectra                 OFF
Method Log     :
Method Name    : Default
Date/Time stamp: 1/24/2020 2:13:19 PM
Method Modifications:
Ex. Slit Width (nm): Changed: 1/24/2020 2:14:21 PM, Old:5, New:10
Scan Control Changed: 1/24/2020 2:14:21 PM, Old:Medium, New:Manual
Ave. time (s): Changed: 1/24/2020 2:14:21 PM, Old:0.10000, New:0.20000
Excitation Wavelength Changed: 1/24/2020 2:14:21 PM, Old: 350.00, New: 366.00
Emission Wavelength Changed: 1/24/2020 2:14:21 PM, Old: 400.00, New: 380.00
Ex. Slit Width (nm): Changed: 1/24/2020 2:15:12 PM, Old:10, New:5
Em. Slit Width (nm): Changed: 1/24/2020 2:15:12 PM, Old:5, New:1.5
Em. Slit Width (nm): Changed: 1/24/2020 2:16:30 PM, Old:1.5, New:2.5
End Method Modifications

Pyranine in 1-butanol,
Pyranine in 1-butanol
Collection Time: 1/24/2020 2:17:54 PM
Operator Name  :
Scan Software Version: 1.2(147)
Parameter List :
Instrument                        Cary Eclipse
Instrument Serial Number          MY16370002
Data mode                         Fluorescence
Scan mode                         Emission
X Mode                            Wavelength (nm)
Start (nm)                        380.00
Stop (nm)                         600.00
Ex. Wavelength (nm)               366.00
Ex. Slit (nm)                     5
Em. Slit (nm)                     2.5
Scan rate (nm/min)                24.00
Data interval (nm)                0.2000
Averaging Time (s)                0.5000
Excitation filter                 Auto
Emission filter                   Open
PMT voltage (V)                   Medium
Corrected spectra                 OFF
Method Log     :
Method Name    : Default
Date/Time stamp: 1/24/2020 2:13:19 PM
Method Modifications:
Ex. Slit Width (nm): Changed: 1/24/2020 2:14:21 PM, Old:5, New:10
Scan Control Changed: 1/24/2020 2:14:21 PM, Old:Medium, New:Manual
Ave. time (s): Changed: 1/24/2020 2:14:21 PM, Old:0.10000, New:0.20000
Excitation Wavelength Changed: 1/24/2020 2:14:21 PM, Old: 350.00, New: 366.00
Emission Wavelength Changed: 1/24/2020 2:14:21 PM, Old: 400.00, New: 380.00
Ex. Slit Width (nm): Changed: 1/24/2020 2:15:12 PM, Old:10, New:5
Em. Slit Width (nm): Changed: 1/24/2020 2:15:12 PM, Old:5, New:1.5
Em. Slit Width (nm): Changed: 1/24/2020 2:16:30 PM, Old:1.5, New:2.5
Ave. time (s): Changed: 1/24/2020 2:17:45 PM, Old:0.20000, New:0.50000
Data interval: Changed: 1/24/2020 2:17:45 PM, Old:   1.00, New:   0.20
End Method Modifications

