Pyranine in 1-butanol,,
Wavelength (nm),Intensity (a.u.),
380,1.544510841,
380.1499939,1.48799324,
380.4500122,1.791157246,
380.6000061,1.977587342,
380.75,2.17038846,
381.0599976,2.201045752,
381.2099915,2.329769373,
381.3599854,2.531285763,
381.6600037,2.868573666,
381.8099976,2.906920671,
381.9599915,3.107280254,
382.269989,3.403969288,
382.4200134,3.390198946,
382.5700073,3.417076588,
382.7200012,3.606148005,
383.0299988,3.551771402,
383.1799927,3.647707462,
383.3299866,3.775214911,
383.6300049,3.677281857,
383.7799988,3.68423748,
383.9299927,3.605364561,
384.2399902,3.3460145,
384.3900146,3.350374699,
384.5400085,3.214464903,
384.8399963,3.348403215,
385,3.286833286,
385.1499939,3.04445529,
385.4500122,2.968996763,
385.6000061,2.904567003,
385.75,2.868453503,
386.0599976,2.571239233,
386.2099915,2.591479063,
386.3599854,2.664851189,
386.6600037,2.312124014,
386.8099976,2.267503262,
386.9599915,2.241268158,
387.269989,2.321910143,
387.4200134,2.286658525,
387.5700073,2.078328371,
387.7200012,2.139822483,
388.0299988,1.986284494,
388.1799927,2.048358917,
388.3299866,2.053102732,
388.6300049,1.880350947,
388.7799988,2.025667429,
388.9299927,1.957700372,
389.2399902,1.925269127,
389.3900146,1.954088688,
389.5400085,1.811255574,
389.8399963,1.882459521,
390,1.76087904,
390.1499939,1.883543968,
390.4500122,1.886903286,
390.6000061,1.828398108,
390.75,1.721148491,
391.0599976,1.836447358,
391.2099915,1.700723767,
391.3599854,1.890043139,
391.6600037,1.852580309,
391.8099976,1.854341865,
391.9599915,1.873099089,
392.269989,2.016231775,
392.4200134,1.841805935,
392.5700073,2.019530535,
392.7200012,2.167137384,
393.0299988,2.011561632,
393.1799927,2.085519314,
393.3299866,2.067057133,
393.6300049,2.049401999,
393.7799988,2.201626062,
393.9299927,2.162053823,
394.2399902,2.133200645,
394.3900146,2.275818586,
394.5400085,2.224179506,
394.8399963,2.228419542,
395,2.231476784,
395.1499939,2.113376617,
395.4500122,2.251714706,
395.6000061,2.400737524,
395.75,2.429624557,
396.0599976,2.448493004,
396.2099915,2.556889057,
396.3599854,2.628940105,
396.6600037,2.594206572,
396.8099976,2.616712332,
396.9599915,2.580005646,
397.269989,2.861292839,
397.4200134,2.797245979,
397.5700073,2.795009851,
397.7200012,3.141885996,
398.0299988,3.056189299,
398.1799927,3.244722843,
398.3299866,3.267114162,
398.6300049,3.33104682,
398.7799988,3.636206627,
398.9299927,3.850165606,
399.2399902,3.969083071,
399.3900146,4.181520939,
399.5400085,4.338394642,
399.8399963,4.493322372,
400,4.800022125,
400.1499939,4.987295151,
400.4500122,5.32845974,
400.6000061,5.523446083,
400.75,5.705133915,
401.0599976,6.164549828,
401.2099915,6.551556587,
401.3599854,6.787185192,
401.6600037,7.161950111,
401.8099976,7.439983368,
401.9599915,7.755603313,
402.269989,8.087290764,
402.4200134,8.765480042,
402.5700073,9.097445488,
402.7200012,9.574313164,
403.0299988,10.09020996,
403.1799927,10.35160732,
403.3299866,10.71372509,
403.6300049,11.73688984,
403.7799988,12.12748337,
403.9299927,12.49166203,
404.2399902,13.11352253,
404.3900146,13.67509365,
404.5400085,14.20773506,
404.8399963,15.76381207,
405,16.58645439,
405.1499939,16.91861916,
405.4500122,17.86537552,
405.6000061,18.48974609,
405.75,19.08126831,
406.0599976,21.38801575,
406.2099915,22.41837502,
406.3599854,23.47225571,
406.6600037,24.03132629,
406.8099976,25.01220703,
406.9599915,26.31898117,
407.269989,28.79137039,
407.4200134,29.91376305,
407.5700073,30.62380981,
407.7200012,31.69099617,
408.0299988,33.6294136,
408.1799927,34.81702042,
408.3299866,36.28822708,
408.6300049,39.42311478,
408.7799988,39.98363113,
408.9299927,41.32851791,
409.2399902,43.12564087,
409.3900146,44.46004105,
409.5400085,45.64506149,
409.8399963,48.96757126,
410,50.97306442,
410.1499939,51.77106857,
410.4500122,54.36453629,
410.6000061,54.89128494,
410.75,57.77830505,
411.0599976,62.53857803,
411.2099915,63.76831818,
411.3599854,64.74852753,
411.6600037,66.30963898,
411.8099976,69.16273499,
411.9599915,71.945961,
412.269989,75.6927948,
412.4200134,77.02693939,
412.5700073,77.45280457,
412.7200012,79.12683868,
413.0299988,82.39441681,
413.1799927,85.5381012,
413.3299866,86.26714325,
413.6300049,89.60993958,
413.7799988,90.19517517,
413.9299927,92.15898132,
414.2399902,95.1582489,
414.3900146,96.71763611,
414.5400085,98.8345871,
414.8399963,102.1173401,
415,102.6166,
415.1499939,104.0480881,
415.4500122,107.0913162,
415.6000061,109.9036331,
415.75,111.7206421,
416.0599976,113.7065887,
416.2099915,115.3103561,
416.3599854,116.3844299,
416.6600037,118.4494858,
416.8099976,120.3393478,
416.9599915,122.961441,
417.269989,124.407692,
417.4200134,124.5998688,
417.5700073,125.779274,
417.7200012,126.7050323,
418.0299988,130.0503387,
418.1799927,130.6421204,
418.3299866,132.1603546,
418.6300049,132.3570709,
418.7799988,133.9508667,
418.9299927,134.1860657,
419.2399902,136.1999512,
419.3900146,137.7348633,
419.5400085,139.0222015,
419.8399963,138.490097,
420,139.4405365,
420.1499939,139.780426,
420.4500122,141.3912811,
420.6000061,142.0699615,
420.75,142.39151,
421.0599976,143.4486389,
421.2099915,143.1598663,
421.3599854,143.8981323,
421.6600037,143.7797394,
421.8099976,145.5391083,
421.9599915,144.4313507,
422.269989,143.8307343,
422.4200134,145.1132507,
422.5700073,145.3009491,
422.7200012,145.2197266,
423.0299988,145.1620483,
423.1799927,146.6007385,
423.3299866,145.8369904,
423.6300049,145.2550659,
423.7799988,144.9312286,
423.9299927,145.5772247,
424.2399902,143.9211731,
424.3900146,144.8782654,
424.5400085,143.7840729,
424.8399963,144.1442719,
425,144.4188843,
425.1499939,144.2081451,
425.4500122,142.3796844,
425.6000061,142.9397125,
425.75,142.3590851,
426.0599976,141.5821075,
426.2099915,142.5368958,
426.3599854,141.570343,
426.6600037,139.6098785,
426.8099976,139.7740021,
426.9599915,139.5442657,
427.269989,138.7917175,
427.4200134,139.010376,
427.5700073,138.3393707,
427.7200012,136.8726654,
428.0299988,136.5216827,
428.1799927,136.8428497,
428.3299866,136.1972351,
428.6300049,135.5552979,
428.7799988,135.0041962,
428.9299927,134.1672821,
429.2399902,132.7964783,
429.3900146,133.112793,
429.5400085,132.3267822,
429.8399963,131.8301086,
430,132.216568,
430.1499939,132.1253204,
430.4500122,130.4462433,
430.6000061,129.4785004,
430.75,130.1684723,
431.0599976,129.6396484,
431.2099915,128.1285858,
431.3599854,128.6700592,
431.6600037,127.094017,
431.8099976,127.467392,
431.9599915,127.1461563,
432.269989,126.9590988,
432.4200134,126.9792786,
432.5700073,126.552803,
432.7200012,125.128418,
433.0299988,125.7735367,
433.1799927,125.7262115,
433.3299866,125.2230835,
433.6300049,124.3350906,
433.7799988,125.2200012,
433.9299927,124.7379532,
434.2399902,123.4938049,
434.3900146,123.4554596,
434.5400085,123.264801,
434.8399963,123.2789993,
435,123.5057526,
435.1499939,122.6158905,
435.4500122,122.6396179,
435.6000061,122.1590729,
435.75,122.0277023,
436.0599976,122.0756302,
436.2099915,122.0776749,
436.3599854,121.2201767,
436.6600037,121.5556259,
436.8099976,121.72966,
436.9599915,120.6587677,
437.269989,121.3318024,
437.4200134,120.1002274,
437.5700073,121.1871185,
437.7200012,120.4715652,
438.0299988,119.5576324,
438.1799927,119.3846283,
438.3299866,120.0140305,
438.6300049,119.7364197,
438.7799988,119.4837875,
438.9299927,119.5670166,
439.2399902,119.2363968,
439.3900146,118.9491425,
439.5400085,117.951767,
439.8399963,117.8529587,
440,118.2843857,
440.1400146,118.3581696,
440.4400024,117.0976181,
440.5899963,117.7333984,
440.7399902,118.6924896,
441.0400085,117.4383621,
441.1900024,116.8346939,
441.3399963,116.6056976,
441.6400146,115.9137344,
441.7900085,117.0688782,
441.9400024,115.307663,
442.230011,116.351799,
442.3800049,115.0104218,
442.5299988,115.4608078,
442.8299866,115.5694122,
442.980011,114.8271484,
443.1300049,114.5639954,
443.4299927,114.3137741,
443.5799866,113.1780777,
443.730011,113.3985977,
444.019989,111.965477,
444.1700134,111.8514404,
444.3200073,111.3553772,
444.6199951,111.3410187,
444.769989,110.8233337,
445.0700073,109.7321625,
445.2200012,109.967514,
445.3699951,110.6011581,
445.6700134,109.689415,
445.8200073,109.1935196,
445.9700012,107.7679596,
446.2600098,107.6620407,
446.4100037,107.1122284,
446.5599976,106.7144394,
446.7099915,107.3207703,
447.0100098,105.787117,
447.1600037,104.7189636,
447.4599915,104.6033707,
447.6099854,103.517662,
447.7600098,104.9297714,
448.0499878,104.6483765,
448.2000122,102.7998657,
448.3500061,101.065918,
448.6499939,101.5822601,
448.7999878,100.6415176,
448.9500122,100.3917847,
449.25,100.1905289,
449.3999939,99.48083496,
449.5499878,98.54990387,
449.8500061,97.65306854,
450,96.2780838,
450.1499939,96.49268341,
450.4500122,96.07937622,
450.6000061,95.44412231,
450.75,94.37537384,
451.0599976,94.21893311,
451.2099915,93.15326691,
451.3599854,92.29035187,
451.6600037,90.99495697,
451.8099976,92.12189484,
451.9599915,90.2826004,
452.269989,89.82480621,
452.4200134,88.85853577,
452.5700073,89.25111389,
452.7200012,87.89394379,
453.0299988,88.43783569,
453.1799927,86.74931335,
453.3299866,86.04749298,
453.6300049,85.42697906,
453.7799988,84.72315216,
453.9299927,84.77680969,
454.2399902,83.58415985,
454.3900146,82.03543854,
454.5400085,81.61828613,
454.8399963,81.45509338,
455,80.15122223,
455.1499939,80.40713501,
455.4500122,79.39614868,
455.6000061,78.47808838,
455.75,78.01716614,
456.0599976,77.78277588,
456.2099915,77.15904999,
456.3599854,77.19371033,
456.6600037,75.8539505,
456.8099976,75.6074295,
456.9599915,74.62419128,
457.269989,74.05226898,
457.4200134,73.47724915,
457.5700073,73.29730988,
457.7200012,72.4611969,
458.0299988,71.9498291,
458.1799927,71.43750763,
458.3299866,70.68721771,
458.6300049,69.65656281,
458.7799988,70.32369995,
458.9299927,69.65444946,
459.2399902,68.62541962,
459.3900146,68.19890594,
459.5400085,68.15071106,
459.8399963,67.22673035,
460,66.625,
460.1400146,66.31476593,
460.4400024,65.41347504,
460.5899963,64.64617157,
460.7399902,64.65503693,
461.0400085,64.46583557,
461.1900024,63.50771332,
461.3399963,63.38732529,
461.6400146,62.28454971,
461.7900085,60.82810211,
461.9400024,61.51577759,
462.230011,61.12869644,
462.3800049,61.23917007,
462.5299988,60.83156586,
462.8299866,59.17296982,
462.980011,59.35970306,
463.1300049,59.51023102,
463.4299927,59.01501846,
463.5799866,58.49131012,
463.730011,58.20916367,
464.019989,57.14727783,
464.1700134,57.49058533,
464.3200073,56.38890457,
464.6199951,56.28357697,
464.769989,56.31568146,
465.0700073,55.09528732,
465.2200012,54.71746826,
465.3699951,54.87545395,
465.6700134,54.26410294,
465.8200073,53.67367172,
465.9700012,53.42436218,
466.2600098,53.36639023,
466.4100037,52.81333923,
466.5599976,52.83242035,
466.7099915,52.99926758,
467.0100098,51.15425873,
467.1600037,52.36496353,
467.4599915,50.90301514,
467.6099854,51.00777435,
467.7600098,50.23249054,
468.0499878,50.89771652,
468.2000122,50.2299614,
468.3500061,49.93416595,
468.6499939,49.43267441,
468.7999878,49.43774414,
468.9500122,48.76292801,
469.25,48.84653473,
469.3999939,48.62939835,
469.5499878,47.56893539,
469.8500061,46.98914337,
470,47.0316391,
470.1400146,47.10357285,
470.4400024,46.81341934,
470.5899963,46.58442307,
470.7399902,46.39513397,
471.0400085,46.05446625,
471.1900024,45.03911972,
471.3399963,45.00194931,
471.6400146,44.51315689,
471.7900085,44.41596603,
471.9400024,45.03133774,
472.230011,43.74054337,
472.3800049,44.06837463,
472.5299988,43.65595245,
472.8299866,43.18496323,
472.980011,42.89036179,
473.1300049,42.62091446,
473.4299927,42.42691422,
473.5799866,42.11213684,
473.730011,41.44667435,
474.019989,40.94313431,
474.1700134,40.74081039,
474.3200073,40.42108154,
474.6199951,40.62425613,
474.769989,39.50907135,
475.0700073,39.70261383,
475.2200012,39.7059288,
475.3699951,39.32130432,
475.6700134,38.96417236,
475.8200073,38.69943619,
475.9700012,38.0125618,
476.2600098,37.24259567,
476.4100037,38.09710693,
476.5599976,37.42566681,
476.7099915,37.5201416,
477.0100098,37.13934326,
477.1600037,37.0370369,
477.4599915,37.05752563,
477.6099854,36.05290222,
477.7600098,35.47643661,
478.0499878,35.46606064,
478.2000122,34.89451981,
478.3500061,35.08488464,
478.6499939,34.33001709,
478.7999878,34.43925095,
478.9500122,34.10864639,
479.25,33.85647202,
479.3999939,33.70858002,
479.5499878,33.62678909,
479.8500061,32.55287933,
480,32.62054443,
480.1400146,32.4010582,
480.4400024,31.9819603,
480.5899963,32.05298996,
480.7399902,31.8695488,
481.0400085,31.80723572,
481.1900024,31.64557076,
481.3399963,30.95308113,
481.6400146,30.86125946,
481.7900085,30.47918701,
481.9400024,29.91377831,
482.230011,29.93486214,
482.3800049,29.29431534,
482.5299988,29.50673866,
482.8299866,29.35652924,
482.980011,28.62631226,
483.1300049,28.10064697,
483.4299927,28.19571877,
483.5799866,27.83520126,
483.730011,27.1153965,
484.019989,27.4661808,
484.1700134,27.48638535,
484.3200073,27.12285614,
484.6199951,26.297369,
484.769989,26.2431469,
485.0700073,26.08492088,
485.2200012,25.6973629,
485.3699951,25.46179199,
485.6700134,24.9629631,
485.8200073,24.67015266,
485.9700012,24.67199898,
486.2600098,24.28364754,
486.4100037,24.00608063,
486.5599976,24.16427231,
486.7099915,24.00214386,
487.0100098,23.59629822,
487.1600037,23.60570526,
487.4599915,23.09115982,
487.6099854,22.69931793,
487.7600098,22.66495514,
488.0499878,21.90115356,
488.2000122,22.0178566,
488.3500061,22.0255127,
488.6499939,21.67622948,
488.7999878,21.438591,
488.9500122,21.09987068,
489.25,20.51413727,
489.3999939,20.31039047,
489.5499878,20.73485756,
489.8500061,20.54333115,
490,20.16540337,
490.1400146,20.31330681,
490.4400024,19.6448555,
490.5899963,19.65747833,
490.7399902,19.58259392,
491.0400085,19.33507729,
491.1900024,19.09556007,
491.3399963,18.98868942,
491.6400146,18.89552307,
491.7900085,18.26365089,
491.9400024,18.1211834,
492.230011,18.31960297,
492.3800049,18.10064697,
492.5299988,17.57178116,
492.8299866,17.54261017,
492.980011,17.44102097,
493.1300049,17.50886536,
493.4299927,16.86971092,
493.5799866,17.21326256,
493.730011,17.0273838,
494.019989,16.59186554,
494.1700134,16.58572388,
494.3200073,16.46095848,
494.6199951,16.02899933,
494.769989,16.08457565,
495.0700073,15.55014324,
495.2200012,15.49099064,
495.3699951,15.59058094,
495.6700134,15.61967754,
495.8200073,15.48175716,
495.9700012,15.22227764,
496.2600098,15.01991558,
496.4100037,14.76224327,
496.5599976,14.56430054,
496.7099915,14.54061794,
497.0100098,14.39788914,
497.1600037,14.53138447,
497.4599915,14.04104996,
497.6099854,14.05122948,
497.7600098,13.98309517,
498.0499878,13.71749115,
498.2000122,13.76280785,
498.3500061,13.7016983,
498.6499939,13.22936726,
498.7999878,13.2521534,
498.9500122,13.01922607,
499.25,12.87452602,
499.3999939,12.51812077,
499.5499878,12.95413303,
499.8500061,12.43752193,
500,12.71613312,
500.1400146,12.32880878,
500.4400024,12.36966991,
500.5899963,12.27595425,
500.7399902,12.05412197,
501.0400085,11.97274494,
501.1900024,11.88248539,
501.3399963,11.81536198,
501.6400146,11.55882931,
501.7900085,11.7168932,
501.9400024,11.54394627,
502.230011,11.27225494,
502.3800049,10.84502125,
502.5299988,11.28979015,
502.8299866,11.12888527,
502.980011,11.15573978,
503.1300049,10.84098434,
503.4299927,10.55154705,
503.5799866,10.47580242,
503.730011,10.60511208,
504.019989,10.19335556,
504.1700134,10.33275223,
504.3200073,10.29549599,
504.6199951,10.08838367,
504.769989,9.907845497,
505.0700073,10.25127125,
505.2200012,9.834665298,
505.3699951,9.927001953,
505.6700134,9.451771736,
505.8200073,9.744551659,
505.9700012,9.63080883,
506.2600098,9.338182449,
506.4100037,9.176472664,
506.5599976,9.478553772,
506.7099915,9.39508152,
507.0100098,9.0283041,
507.1600037,9.009858131,
507.4599915,9.094613075,
507.6099854,8.859336853,
507.7600098,8.976999283,
508.0499878,8.566142082,
508.2000122,8.590937614,
508.3500061,8.442182541,
508.6499939,8.532455444,
508.7999878,8.192439079,
508.9500122,8.142848015,
509.25,8.231192589,
509.3999939,8.060460091,
509.5499878,7.857576847,
509.8500061,8.096376419,
510,8.117716789,
510.1400146,7.885493279,
510.4400024,8.012883186,
510.5799866,7.792140484,
510.730011,7.818052769,
511.019989,7.65818119,
511.1700134,7.682894707,
511.4700012,7.358829021,
511.6099854,7.368880272,
511.7600098,7.460932732,
512.0499878,7.024334908,
512.2000122,7.078736305,
512.3499756,6.997519016,
512.6400146,7.050045967,
512.789978,7.121990204,
512.9400024,6.865586281,
513.2299805,6.57566452,
513.3800049,6.756043434,
513.5200195,6.887217045,
513.8200073,6.702705383,
513.9699707,6.483908176,
514.2600098,6.439485073,
514.4099731,6.489527702,
514.5499878,6.354179859,
514.8499756,6.282637119,
515,6.276336193,
515.1400146,6.292293549,
515.4400024,6.174000263,
515.5800171,6.128472328,
515.7299805,5.96600771,
516.0200195,5.989899635,
516.1699829,6.023487091,
516.4699707,5.815050125,
516.6099854,5.747346878,
516.7600098,5.735684395,
517.0499878,5.797319889,
517.2000122,5.689021111,
517.3499756,5.57049799,
517.6400146,5.512042999,
517.789978,5.419867992,
517.9400024,5.586592197,
518.2299805,5.461925507,
518.3800049,5.383061409,
518.5200195,5.211566925,
518.8200073,5.422177315,
518.9699707,5.348389149,
519.2600098,5.291791916,
519.4099731,5.110016346,
519.5499878,5.107600212,
519.8499756,4.873847961,
520,4.990811348,
520.1400146,4.980331421,
520.4400024,4.82024622,
520.5900269,4.785109997,
520.7399902,4.917666435,
521.039978,4.790903568,
521.1900024,4.72011137,
521.3400269,4.765402317,
521.6400146,4.62783432,
521.789978,4.701918602,
521.9400024,4.612182617,
522.2299805,4.526887894,
522.3800049,4.140060902,
522.5300293,4.362785816,
522.8300171,4.382377625,
522.9799805,4.472014904,
523.1300049,4.310344696,
523.4299927,4.238686085,
523.5800171,4.321145058,
523.7299805,4.122128487,
524.0200195,4.142496586,
524.1699829,4.055029869,
524.3200073,4.120676994,
524.6199951,3.817942381,
524.7700195,3.954525948,
525.0700073,3.963396072,
525.2199707,4.025994778,
525.3699951,3.6903584,
525.5200195,3.82694459,
525.8200073,3.86735177,
525.9699707,3.860835314,
526.2600098,3.74386692,
526.4099731,3.62818265,
526.5599976,3.84118104,
526.710022,3.861154795,
527.0100098,3.409407139,
527.1599731,3.504816771,
527.460022,3.571654558,
527.6099854,3.544075966,
527.7600098,3.397652864,
528.0499878,3.377479792,
528.2000122,3.431579351,
528.3499756,3.322090149,
528.6500244,3.248736382,
528.7999878,3.307705402,
528.9500122,3.171546698,
529.25,3.460340261,
529.4000244,3.198578835,
529.5499878,3.104629993,
529.8499756,3.276686907,
530,3.133470774,
530.1400146,2.976725817,
530.4400024,3.04891324,
530.5800171,2.943893671,
530.7299805,2.971664906,
531.0200195,2.84549284,
531.1699829,2.981357336,
531.4699707,2.864501476,
531.6099854,2.989368916,
531.7600098,2.846922159,
532.0499878,2.902648211,
532.2000122,2.929470301,
532.3499756,2.806658506,
532.6400146,2.71360302,
532.789978,2.828158617,
532.9400024,2.749987602,
533.2299805,2.602149963,
533.3800049,2.630002975,
533.5200195,2.492925406,
533.8200073,2.627284288,
533.9699707,2.460554123,
534.2600098,2.424602509,
534.4099731,2.469596624,
534.5499878,2.629768133,
534.8499756,2.453004599,
535,2.384782076,
535.1400146,2.407978535,
535.4400024,2.309183598,
535.5800171,2.368173838,
535.7299805,2.458858967,
536.0200195,2.275875807,
536.1699829,2.251492262,
536.4699707,2.170052052,
536.6099854,2.244655132,
536.7600098,2.195444107,
537.0499878,2.157457352,
537.2000122,2.154423237,
537.3499756,2.158273458,
537.6400146,2.190892458,
537.789978,2.143336535,
537.9400024,2.180843115,
538.2299805,2.120903969,
538.3800049,2.083359003,
538.5200195,2.042680264,
538.8200073,1.981084704,
538.9699707,2.083688498,
539.2600098,2.14111495,
539.4099731,2.115898848,
539.5499878,1.997852206,
539.8499756,1.960784435,
540,1.939213395,
540.1400146,1.907024741,
540.4400024,2.018896818,
540.5800171,1.77197659,
540.7299805,1.89497149,
541.0200195,1.914819121,
541.1699829,1.84055984,
541.4699707,1.83274889,
541.6099854,1.773283005,
541.7600098,1.758311987,
542.0499878,1.766829491,
542.2000122,1.749898195,
542.3499756,1.733683109,
542.6400146,1.676772833,
542.789978,1.59511435,
542.9400024,1.722972155,
543.2299805,1.51468277,
543.3800049,1.697428465,
543.5200195,1.713701844,
543.8200073,1.668289542,
543.9699707,1.703012705,
544.2600098,1.6545856,
544.4099731,1.667358637,
544.5499878,1.534711599,
544.8499756,1.541095853,
545,1.56155169,
545.1400146,1.563960314,
545.4400024,1.482752681,
545.5800171,1.512792826,
545.7299805,1.431227565,
546.0200195,1.447141051,
546.1699829,1.47377491,
546.4699707,1.42689538,
546.6099854,1.505319834,
546.7600098,1.383020997,
547.0499878,1.306356788,
547.2000122,1.304002762,
547.3499756,1.308470249,
547.6400146,1.287867069,
547.789978,1.317706704,
547.9400024,1.27747035,
548.2299805,1.355966926,
548.3800049,1.296102166,
548.5200195,1.254925609,
548.8200073,1.298642039,
548.9699707,1.215389967,
549.2600098,1.234000564,
549.4099731,1.259414196,
549.5499878,1.091771126,
549.8499756,1.296461701,
550,1.157619715,
550.1400146,1.24141407,
550.4400024,1.206174612,
550.5800171,1.15113461,
550.7299805,1.184929132,
551.0200195,1.154662728,
551.1699829,1.177118897,
551.4699707,1.069855332,
551.6099854,1.158938289,
551.7600098,1.170022726,
552.0499878,0.9783170223,
552.2000122,1.095406771,
552.3499756,1.216461539,
552.6400146,1.119063497,
552.789978,0.9994236827,
552.9400024,1.038800478,
553.2299805,1.078064203,
553.3800049,1.035414815,
553.5200195,1.091662645,
553.8200073,1.119096756,
553.9699707,1.15598321,
554.2600098,1.065008879,
554.4099731,1.082793474,
554.5499878,1.043418527,
554.8499756,0.9986044765,
555,0.9572805762,
555.1400146,1.01756835,
555.4400024,0.9654839635,
555.5800171,0.9297686219,
555.7299805,0.9074467421,
556.0200195,0.9492604733,
556.1699829,0.9933426976,
556.4699707,0.898639679,
556.6099854,0.9296920896,
556.7600098,1.019900322,
557.0499878,0.9230393171,
557.2000122,0.910140872,
557.3499756,0.8732975125,
557.6400146,0.9726148248,
557.789978,0.8928406835,
557.9400024,0.8155145049,
558.2299805,0.8722198009,
558.3800049,0.8675643802,
558.5200195,0.8355346322,
558.8200073,0.8838247061,
558.9699707,0.7174888253,
559.2600098,0.7536039948,
559.4099731,0.8458730578,
559.5499878,0.8467347026,
559.8499756,0.7365768552,
560,0.8014374375,
560.1400146,0.7782002687,
560.4400024,0.6656799912,
560.5800171,0.7524169087,
560.7299805,0.7810876369,
561.0200195,0.6705908179,
561.1699829,0.71419698,
561.4699707,0.6901701093,
561.6099854,0.6548992991,
561.7600098,0.7890851498,
562.0499878,0.6775320768,
562.2000122,0.6769966483,
562.3499756,0.6547604203,
562.6400146,0.6968337893,
562.789978,0.6724821329,
562.9400024,0.6526806355,
563.2299805,0.8052959442,
563.3800049,0.6911631823,
563.5200195,0.6744673848,
563.8200073,0.5537028909,
563.9699707,0.6536785364,
564.2600098,0.727308929,
564.4099731,0.6124394536,
564.5499878,0.6425722837,
564.8499756,0.5973828435,
565,0.6684449911,
565.1400146,0.6879402399,
565.4400024,0.6141036749,
565.5800171,0.6482794881,
565.7299805,0.6551305056,
566.0200195,0.5195325613,
566.1699829,0.570520103,
566.4699707,0.5325605273,
566.6099854,0.5096746087,
566.7600098,0.6076133847,
567.0499878,0.5618185401,
567.2000122,0.6305716038,
567.3499756,0.5069928169,
567.6400146,0.5152922273,
567.789978,0.6373091936,
567.9400024,0.5314415693,
568.2299805,0.4963025451,
568.3800049,0.4908051789,
568.5200195,0.5199890137,
568.8200073,0.4712564647,
568.9699707,0.5615243316,
569.2600098,0.5054885745,
569.4099731,0.5318650007,
569.5499878,0.4797726572,
569.8499756,0.5537234545,
570,0.6268629432,
570.1400146,0.5228379369,
570.4400024,0.4694168866,
570.5800171,0.4074677825,
570.7299805,0.5498178601,
571.0200195,0.4874407053,
571.1699829,0.4570412636,
571.4699707,0.4331683218,
571.6099854,0.4364557266,
571.7600098,0.4582724273,
572.0499878,0.4631201923,
572.2000122,0.4613368809,
572.3499756,0.4676577747,
572.6400146,0.5293643475,
572.789978,0.4091171026,
572.9400024,0.5030891299,
573.2299805,0.4120008945,
573.3800049,0.3833620846,
573.5200195,0.4197401404,
573.8200073,0.4550373852,
573.9699707,0.3893816173,
574.2600098,0.4284096956,
574.4099731,0.3960175514,
574.5499878,0.3705053031,
574.8499756,0.3633788228,
575,0.4714700282,
575.1400146,0.4404807985,
575.4400024,0.4194324911,
575.5800171,0.4289136827,
575.7299805,0.4742051065,
576.0200195,0.3054050505,
576.1699829,0.4444850385,
576.4699707,0.4213097394,
576.6099854,0.3459178507,
576.7600098,0.4512384534,
577.0499878,0.4040973186,
577.2000122,0.3009717166,
577.3499756,0.3710258901,
577.6400146,0.3471964002,
577.789978,0.4285162389,
577.9400024,0.3050621748,
578.2299805,0.3666809499,
578.3800049,0.3410267234,
578.5200195,0.3771335483,
578.8200073,0.3183679581,
578.9699707,0.3781867027,
579.2600098,0.4214597344,
579.4099731,0.2888592482,
579.5499878,0.3214102387,
579.8499756,0.3409351707,
580,0.3870428205,
580.1400146,0.3523652554,
580.4299927,0.353203088,
580.5700073,0.3328246772,
580.7199707,0.2387009561,
581.0100098,0.3655500412,
581.1500244,0.3127345443,
581.4400024,0.2597501576,
581.5900269,0.3591659665,
581.7299805,0.3135189414,
582.0200195,0.3333228528,
582.1699829,0.3188934922,
582.460022,0.3267953396,
582.5999756,0.3068944812,
582.75,0.3488227427,
583.039978,0.3131630719,
583.1799927,0.3382388651,
583.3300171,0.2938363254,
583.6199951,0.224377349,
583.7600098,0.2824185193,
584.0499878,0.2978979647,
584.2000122,0.1580617875,
584.3400269,0.2376232743,
584.6300049,0.2399808019,
584.7800293,0.2159621418,
585.0700073,0.2608938813,
585.210022,0.2134150118,
585.3599854,0.2966853082,
585.6500244,0.2207742184,
585.789978,0.2201825678,
585.9400024,0.291216433,
586.2299805,0.2712884545,
586.3699951,0.2476274073,
586.5200195,0.2474650443,
586.8099976,0.2678309977,
586.9500122,0.272076875,
587.2399902,0.267049253,
587.3900146,0.234102577,
587.5300293,0.2610949874,
587.8200073,0.2589730918,
587.9699707,0.1598288715,
588.2600098,0.2615974844,
588.4000244,0.3921666443,
588.5499878,0.2476672828,
588.8400269,0.2578474581,
588.9799805,0.3123258352,
589.1300049,0.2477885038,
589.4199829,0.3430446088,
589.5599976,0.3018096387,
589.8499756,0.2105276287,
590,0.2606380582,
590.1400146,0.2661533356,
590.4299927,0.235240221,
590.5700073,0.1836058944,
590.7199707,0.2076189816,
591.0100098,0.2722620666,
591.1500244,0.1852526516,
591.4400024,0.143598333,
591.5900269,0.1586536318,
591.7299805,0.2236427665,
592.0200195,0.1904586405,
592.1699829,0.2079552412,
592.460022,0.1841677129,
592.5999756,0.2356282324,
592.75,0.181714505,
593.039978,0.2211968005,
593.1799927,0.2590769529,
593.3300171,0.1315402091,
593.6199951,0.2630309761,
593.7600098,0.2058498859,
594.0499878,0.2287340909,
594.2000122,0.1559478492,
594.3400269,0.1771684736,
594.6300049,0.2034287006,
594.7800293,0.1547451168,
595.0700073,0.1479153186,
595.210022,0.1555809975,
595.3599854,0.1807833463,
595.6500244,0.2123805285,
595.789978,0.1493447423,
595.9400024,0.2024547607,
596.2299805,0.175828591,
596.3699951,0.1910466999,
596.5200195,0.2168444842,
596.8099976,0.174300611,
596.9500122,0.180164516,
597.2399902,0.1657804549,
597.3900146,0.1902202219,
597.5300293,0.2269019932,
597.8200073,0.163073808,
597.9699707,0.1751762778,
598.2600098,0.1862035543,
598.4000244,0.1802104115,
598.5499878,0.1061378941,
598.8400269,0.1451278031,
598.9799805,0.184950158,
599.1300049,0.125940606,
599.4199829,0.1912057698,
599.5599976,0.2322690785,
599.8499756,0.1643697023,
600,0.1813043952,

Pyranine in 1-butanol,
Pyranine in 1-butanol
Collection Time: 1/31/2020 2:45:27 PM
Operator Name  :
Scan Software Version: 1.2(147)
Parameter List :
Instrument                        Cary Eclipse
Instrument Serial Number          MY16370002
Data mode                         Fluorescence
Scan mode                         Emission
X Mode                            Wavelength (nm)
Start (nm)                        380.00
Stop (nm)                         600.00
Ex. Wavelength (nm)               366.00
Ex. Slit (nm)                     5
Em. Slit (nm)                     1.5
Scan rate (nm/min)                60.00
Data interval (nm)                0.2000
Averaging Time (s)                0.2000
Excitation filter                 Auto
Emission filter                   Open
PMT voltage (V)                   Medium
Corrected spectra                 OFF
Method Log     :
Method Name    : Default
Date/Time stamp: 1/31/2020 2:38:52 PM
Method Modifications:
Em. Slit Width (nm): Changed: 1/31/2020 2:45:05 PM, Old:5, New:1.5
Scan Control Changed: 1/31/2020 2:45:05 PM, Old:Medium, New:Manual
Ave. time (s): Changed: 1/31/2020 2:45:05 PM, Old:0.10000, New:0.20000
Excitation Wavelength Changed: 1/31/2020 2:45:05 PM, Old: 350.00, New: 366.00
Data interval: Changed: 1/31/2020 2:45:05 PM, Old:   1.00, New:   0.20
Emission Wavelength Changed: 1/31/2020 2:45:05 PM, Old: 400.00, New: 380.00
End Method Modifications

