Pyranine in 1-butanol,,Pyranine in 1-butanol,,Pyranine in 1-butanol,,Pyranine in 1-butanol,,Pyranine in acetonitrile,,
Wavelength (nm),Intensity (a.u.),Wavelength (nm),Intensity (a.u.),Wavelength (nm),Intensity (a.u.),Wavelength (nm),Intensity (a.u.),Wavelength (nm),Intensity (a.u.),
380,79.45265961,380,0.4491810203,380,5.194143295,380,5.351608276,380,5.791408062,
381.0599976,91.53988647,381.0599976,0.7885567546,381.0599976,7.722970963,380.1499939,5.456592083,380.1499939,5.671016216,
381.9599915,104.8462219,381.9599915,1.122625232,381.9599915,10.29854488,380.4500122,6.19893074,380.4500122,6.153628826,
383.0299988,113.7044373,383.0299988,1.318765283,383.0299988,11.27970219,380.6000061,6.562609673,380.6000061,6.444192886,
383.9299927,115.2506866,383.9299927,1.243936539,383.9299927,11.09582138,380.75,6.935265064,380.75,6.733942986,
385,111.2473068,385,1.173617601,385,10.13050175,381.0599976,7.590661526,381.0599976,6.954314709,
386.0599976,103.2841263,386.0599976,1.032586694,386.0599976,8.711202621,381.2099915,7.909421921,381.2099915,7.384880066,
386.9599915,93.34939575,386.9599915,0.7184684277,386.9599915,7.465297222,381.3599854,8.112366676,381.3599854,7.320075989,
388.0299988,83.91979218,388.0299988,0.732619524,388.0299988,6.580016136,381.6600037,9.009076118,381.6600037,7.762075901,
388.9299927,78.46688843,388.9299927,0.6991122961,388.9299927,6.257103443,381.8099976,9.769731522,381.8099976,8.060618401,
390,74.85409546,390,0.5306614637,390,5.766727924,381.9599915,10.07553577,381.9599915,8.25390625,
391.0599976,74.50444031,391.0599976,0.5997920036,391.0599976,6.002347946,382.269989,10.49762535,382.269989,8.466532707,
391.9599915,76.01389313,391.9599915,0.7303543687,391.9599915,5.845684052,382.4200134,10.79303455,382.4200134,8.708282471,
393.0299988,79.83796692,393.0299988,0.6358680129,393.0299988,6.163991451,382.5700073,10.84835529,382.5700073,8.554953575,
393.9299927,84.09989929,393.9299927,0.6571329832,393.9299927,6.675382137,382.7200012,11.08078671,382.7200012,8.968206406,
395,91.92453766,395,0.7281937599,395,6.955734253,383.0299988,11.35426903,383.0299988,9.118281364,
396.0599976,102.3871231,396.0599976,0.7152319551,396.0599976,7.658888817,383.1799927,11.42804432,383.1799927,9.158612251,
396.9599915,117.3900299,396.9599915,0.8213835359,396.9599915,8.531622887,383.3299866,11.47311497,383.3299866,9.342513084,
398.0299988,144.8120117,398.0299988,0.9803310037,398.0299988,10.12598991,383.6300049,11.32257271,383.6300049,9.676712036,
398.9299927,179.8704987,398.9299927,1.225581288,398.9299927,12.73074436,383.7799988,11.41797543,383.7799988,9.472732544,
400,227.4676514,400,1.631855845,400,15.90265369,383.9299927,11.20141888,383.9299927,9.855641365,
401.0599976,291.8146057,401.0599976,2.118996859,401.0599976,20.20506096,384.2399902,10.86460495,384.2399902,10.24504375,
401.9599915,370.2401428,401.9599915,2.65420413,401.9599915,26.09560585,384.3900146,10.69084644,384.3900146,10.35767078,
403.0299988,482.0880127,403.0299988,3.450092554,403.0299988,33.63030624,384.5400085,10.52279186,384.5400085,10.58102322,
403.9299927,617.4642334,403.9299927,4.390365601,403.9299927,42.88879395,384.8399963,10.41224575,384.8399963,10.51733589,
405,792.4719849,405,5.807504177,405,55.37176132,385,10.17199326,385,10.37547207,
406.0599976,1000,406.0599976,7.326032162,406.0599976,72.25949097,385.1499939,9.889866829,385.1499939,11.06883907,
406.9599915,1000,406.9599915,8.863111496,406.9599915,87.81344604,385.4500122,9.461483955,385.4500122,11.0945406,
408.0299988,1000,408.0299988,11.14775562,408.0299988,110.1522217,385.6000061,9.186861992,385.6000061,11.25919056,
408.9299927,1000,408.9299927,13.54143238,408.9299927,133.5381317,385.75,8.953619003,385.75,11.3270731,
410,1000,410,16.25201035,410,161.4522552,386.0599976,8.66904068,386.0599976,11.84879875,
411.0599976,1000,411.0599976,20.21684647,411.0599976,190.1709747,386.2099915,8.681702614,386.2099915,11.94692135,
411.9599915,1000,411.9599915,22.17282295,411.9599915,214.2578278,386.3599854,8.417154312,386.3599854,12.07950783,
413.0299988,1000,413.0299988,25.24200439,413.0299988,242.2361145,386.6600037,7.863735676,386.6600037,12.68115902,
413.9299927,1000,413.9299927,27.78322411,413.9299927,264.0737305,386.8099976,7.660959244,386.8099976,13.38977623,
415,1000,415,30.88396072,415,291.9982605,386.9599915,7.494869232,386.9599915,13.5831728,
416.0599976,1000,416.0599976,33.48456573,416.0599976,315.282959,387.269989,7.347485542,387.269989,13.44056892,
416.9599915,1000,416.9599915,34.81505203,416.9599915,331.8327637,387.4200134,7.086277485,387.4200134,14.17800426,
418.0299988,1000,418.0299988,36.5464325,418.0299988,347.8524475,387.5700073,6.941384792,387.5700073,14.6210804,
418.9299927,1000,418.9299927,37.77078629,418.9299927,355.1693726,387.7200012,6.846654892,387.7200012,14.7894125,
420,1000,420,38.77910614,420,365.8580017,388.0299988,6.442166328,388.0299988,15.86552906,
421.0599976,1000,421.0599976,39.30174255,421.0599976,371.4949341,388.1799927,6.526640892,388.1799927,16.06139565,
421.9599915,1000,421.9599915,39.87239838,421.9599915,373.6659241,388.3299866,6.492385387,388.3299866,16.86968422,
423.0299988,1000,423.0299988,39.44053268,423.0299988,373.5794983,388.6300049,6.340746403,388.6300049,17.40384674,
423.9299927,1000,423.9299927,39.27034378,423.9299927,372.5244141,388.7799988,6.279276371,388.7799988,18.43643761,
425,1000,425,38.90945435,425,366.5700073,388.9299927,6.172187805,388.9299927,19.14185905,
426.0599976,1000,426.0599976,37.73608398,426.0599976,362.0382385,389.2399902,6.140172005,389.2399902,21.27325439,
426.9599915,1000,426.9599915,37.56386185,426.9599915,353.052124,389.3900146,6.114361763,389.3900146,21.8019619,
428.0299988,1000,428.0299988,36.9174118,428.0299988,346.5808105,389.5400085,6.025879383,389.5400085,22.29097939,
428.9299927,1000,428.9299927,35.94569016,428.9299927,341.1760254,389.8399963,5.917174339,389.8399963,24.08694458,
430,1000,430,35.52730942,430,334.9926758,390,5.926739216,390,25.07338715,
431.0599976,1000,431.0599976,34.79203415,431.0599976,330.0230408,390.1499939,5.933024406,390.1499939,26.77119637,
431.9599915,1000,431.9599915,33.87486267,431.9599915,323.4034119,390.4500122,5.866428375,390.4500122,30.31714058,
433.0299988,1000,433.0299988,33.65790939,433.0299988,318.6670837,390.6000061,5.860577583,390.6000061,31.82947922,
433.9299927,1000,433.9299927,33.60323334,433.9299927,315.0963745,390.75,5.965564728,390.75,33.03580093,
435,1000,435,33.14935303,435,312.15625,391.0599976,5.900902271,391.0599976,35.7621727,
436.0599976,1000,436.0599976,32.4483757,436.0599976,309.0336914,391.2099915,5.78249979,391.2099915,38.22666168,
436.9599915,1000,436.9599915,32.49531937,436.9599915,307.4362488,391.3599854,5.992349625,391.3599854,41.88817215,
438.0299988,1000,438.0299988,32.63996124,438.0299988,306.8878479,391.6600037,6.036433697,391.6600037,50.84666443,
438.9299927,1000,438.9299927,31.96306992,438.9299927,304.5878906,391.8099976,6.097681046,391.8099976,52.73813248,
440,1000,440,31.36750031,440,301.8528137,391.9599915,6.083631992,391.9599915,55.89099884,
441.0400085,1000,441.0400085,31.2089386,441.0400085,298.9370117,392.269989,6.132117748,392.269989,62.35325623,
441.9400024,1000,441.9400024,30.83531761,441.9400024,294.5302734,392.4200134,6.238350868,392.4200134,65.88988495,
442.980011,1000,442.980011,30.90679169,442.980011,290.9211731,392.5700073,6.313597202,392.5700073,72.72714996,
444.019989,1000,444.019989,30.33711433,444.019989,286.8822327,392.7200012,6.300441742,392.7200012,80.30922699,
445.0700073,1000,445.0700073,29.76716805,445.0700073,279.4026489,393.0299988,6.265281677,393.0299988,90.64745331,
445.9700012,1000,445.9700012,28.99965286,445.9700012,274.9854126,393.1799927,6.500993252,393.1799927,93.98621368,
447.0100098,1000,447.0100098,28.49010277,447.0100098,269.9072876,393.3299866,6.48944664,393.3299866,99.40131378,
448.0499878,1000,448.0499878,27.89147758,448.0499878,262.2956848,393.6300049,6.560709953,393.6300049,114.2951126,
448.9500122,1000,448.9500122,26.5669384,448.9500122,253.6828461,393.7799988,6.631859303,393.7799988,125.1074677,
450,1000,450,25.90973473,450,244.8249054,393.9299927,6.815750122,393.9299927,136.6051331,
451.0599976,1000,451.0599976,24.41830826,451.0599976,235.6751709,394.2399902,6.951180935,394.2399902,152.2511444,
451.9599915,1000,451.9599915,23.72399712,451.9599915,228.2381897,394.3900146,6.736727238,394.3900146,157.5164185,
,,453.0299988,23.48779106,453.0299988,220.8631439,394.5400085,6.987595081,394.5400085,164.1049347,
,,453.9299927,22.95586967,453.9299927,214.6210938,394.8399963,7.124140263,394.8399963,182.9728088,
,,455,21.66137695,455,205.3427429,395,7.240935802,395,195.6448669,
,,456.0599976,21.16147232,456.0599976,197.7223358,395.1499939,7.09680748,395.1499939,215.3248749,
,,456.9599915,20.27959061,456.9599915,189.4608154,395.4500122,7.416368961,395.4500122,238.2384949,
,,458.0299988,19.4156971,458.0299988,183.4806976,395.6000061,7.485569954,395.6000061,247.3353577,
,,458.9299927,18.61094856,458.9299927,176.7460632,395.75,7.58306694,395.75,258.1210632,
,,460,17.8196125,460,169.1925659,396.0599976,7.694871426,396.0599976,282.8056641,
,,461.0400085,16.94839859,461.0400085,163.3061829,396.2099915,7.839934826,396.2099915,300.5145874,
,,461.9400024,16.81656456,461.9400024,157.7410278,396.3599854,8.173851013,396.3599854,326.6641541,
,,462.980011,15.92434406,462.980011,151.2496796,396.6600037,8.334953308,396.6600037,353.6213989,
,,464.019989,15.59974003,464.019989,145.5115509,396.8099976,8.479232788,396.8099976,365.4830933,
,,465.0700073,14.90708733,465.0700073,141.2668457,396.9599915,8.720762253,396.9599915,378.6054382,
,,465.9700012,14.47690487,465.9700012,137.8395386,397.269989,9.024181366,397.269989,406.7981567,
,,467.0100098,14.18319225,467.0100098,132.4719849,397.4200134,9.265805244,397.4200134,426.5286255,
,,468.0499878,13.49679375,468.0499878,128.6042633,397.5700073,9.672483444,397.5700073,449.925293,
,,468.9500122,13.28525352,468.9500122,124.7057648,397.7200012,9.897023201,397.7200012,462.8614807,
,,470,12.71121407,470,120.6365814,398.0299988,10.36998463,398.0299988,485.7270203,
,,471.0400085,12.35214806,471.0400085,115.8238297,398.1799927,10.40236855,398.1799927,497.3345032,
,,471.9400024,11.79874802,471.9400024,113.3264694,398.3299866,10.68976688,398.3299866,510.0774841,
,,472.980011,11.42957783,472.980011,110.2863083,398.6300049,11.62912655,398.6300049,546.5077515,
,,474.019989,11.15738964,474.019989,105.0105133,398.7799988,12.303936,398.7799988,565.1121216,
,,475.0700073,10.72698784,475.0700073,101.106163,398.9299927,12.59208679,398.9299927,577.336731,
,,475.9700012,10.52294254,475.9700012,98.31623077,399.2399902,13.26298714,399.2399902,594.0284424,
,,477.0100098,10.11254215,477.0100098,94.35270691,399.3900146,13.40769386,399.3900146,601.6199951,
,,478.0499878,9.814069748,478.0499878,91.493927,399.5400085,13.92351818,399.5400085,610.1650391,
,,478.9500122,9.117109299,478.9500122,87.04501343,399.8399963,15.20249081,399.8399963,635.4540405,
,,480,8.693965912,480,84.66819,400,15.93444538,400,653.2070313,
,,481.0400085,8.495030403,481.0400085,81.12729645,400.1499939,16.57294655,400.1499939,661.5353394,
,,481.9400024,8.176837921,481.9400024,77.38141632,400.4500122,17.74213028,400.4500122,673.9840088,
,,482.980011,7.866193771,482.980011,73.820755,400.6000061,18.02898216,400.6000061,680.7217407,
,,484.019989,7.396054745,484.019989,70.78827667,400.75,18.74894524,400.75,685.5151978,
,,485.0700073,6.894598484,485.0700073,67.45392609,401.0599976,20.40539551,401.0599976,702.4307251,
,,485.9700012,6.905372143,485.9700012,63.42844009,401.2099915,21.85844231,401.2099915,712.9110107,
,,487.0100098,6.368256092,487.0100098,60.4701004,401.3599854,22.93406487,401.3599854,719.9377441,
,,488.0499878,5.799937248,488.0499878,57.49811935,401.6600037,24.21236801,401.6600037,725.8131714,
,,488.9500122,5.776608467,488.9500122,55.17134094,401.8099976,25.03133011,401.8099976,729.4729004,
,,490,5.360019684,490,52.75686646,401.9599915,25.96144867,401.9599915,734.4543457,
,,491.0400085,5.279380322,491.0400085,50.20933914,402.269989,28.26675797,402.269989,741.6547241,
,,491.9400024,5.05714941,491.9400024,48.32448578,402.4200134,30.01056671,402.4200134,743.1692505,
,,492.980011,4.649290085,492.980011,45.33219147,402.5700073,31.07711411,402.5700073,749.4144287,
,,494.019989,4.458578587,494.019989,43.5052681,402.7200012,32.03161621,402.7200012,746.1743774,
,,495.0700073,4.528628349,495.0700073,41.53118515,403.0299988,33.78160477,403.0299988,748.7341919,
,,495.9700012,4.225068092,495.9700012,39.88931656,403.1799927,34.87651062,403.1799927,746.2288818,
,,497.0100098,4.004698277,497.0100098,37.32414627,403.3299866,36.55804443,403.3299866,745.031189,
,,498.0499878,3.744410515,498.0499878,36.20981979,403.6300049,40.89715576,403.6300049,742.973938,
,,498.9500122,3.545128822,498.9500122,34.90858078,403.7799988,41.7420845,403.7799988,743.7018433,
,,500,3.419139624,500,33.02745438,403.9299927,43.10003281,403.9299927,740.0999756,
,,501.0400085,3.363098621,501.0400085,31.14415169,404.2399902,45.75952911,404.2399902,738.0857544,
,,501.9400024,3.379380465,501.9400024,31.06431961,404.3900146,47.18976593,404.3900146,736.4215698,
,,502.980011,3.040997028,502.980011,28.98361015,404.5400085,48.98601913,404.5400085,733.4216919,
,,504.019989,2.931981802,504.019989,27.99977112,404.8399963,54.08816147,404.8399963,724.9389038,
,,505.0700073,2.719675541,505.0700073,26.59075356,405,56.00933456,405,719.9352417,
,,505.9700012,2.90668726,505.9700012,25.48184586,405.1499939,57.86981583,405.1499939,717.1646729,
,,507.0100098,2.585881472,507.0100098,24.46041489,405.4500122,60.98176956,405.4500122,711.2374268,
,,508.0499878,2.540918112,508.0499878,23.44049644,405.6000061,62.57814026,405.6000061,707.0350342,
,,508.9500122,2.266183615,508.9500122,22.39821434,405.75,65.0955658,405.75,704.5244751,
,,510,2.319383383,510,21.49056244,406.0599976,72.77565002,406.0599976,688.8892212,
,,511.019989,2.270555973,511.019989,20.64198685,406.2099915,75.93741608,406.2099915,682.1517334,
,,512.0499878,1.995098591,512.0499878,19.73003769,406.3599854,78.27791595,406.3599854,678.2935181,
,,512.9400024,2.107435226,512.9400024,18.5186348,406.6600037,82.04600525,406.6600037,672.3772583,
,,513.9699707,1.911696076,513.9699707,18.04065323,406.8099976,85.05536652,406.8099976,668.045166,
,,515,1.703598976,515,17.13300896,406.9599915,87.9804306,406.9599915,662.1069336,
,,516.0200195,1.707242846,516.0200195,16.46913719,407.269989,97.04554749,407.269989,642.6256714,
,,517.0499878,1.781370282,517.0499878,15.6268034,407.4200134,100.3084183,407.4200134,637.0792236,
,,517.9400024,1.60946238,517.9400024,15.18853474,407.5700073,102.5011368,407.5700073,635.0290527,
,,518.9699707,1.629264355,518.9699707,14.39376068,407.7200012,104.4777222,407.7200012,629.4502563,
,,520,1.607706666,520,14.01917744,408.0299988,110.3499908,408.0299988,620.6593628,
,,521.039978,1.391708493,521.039978,13.1505518,408.1799927,114.788002,408.1799927,614.7804565,
,,521.9400024,1.393074989,521.9400024,12.52164364,408.3299866,118.857048,408.3299866,603.4716187,
,,522.9799805,1.249399424,522.9799805,11.95895195,408.6300049,129.1412506,408.6300049,590.5076904,
,,524.0200195,1.360009313,524.0200195,11.59757423,408.7799988,131.6089172,408.7799988,589.4188232,
,,525.0700073,1.254008651,525.0700073,11.22150135,408.9299927,133.3926697,408.9299927,585.1010742,
,,525.9699707,1.187180996,525.9699707,10.88618088,409.2399902,139.5889435,409.2399902,573.9516602,
,,527.0100098,1.238246322,527.0100098,10.20522213,409.3900146,143.2553864,409.3900146,568.8125,
,,528.0499878,1.044053912,528.0499878,9.890288353,409.5400085,147.8485565,409.5400085,562.300354,
,,528.9500122,1.05531776,528.9500122,9.388151169,409.8399963,158.5314789,409.8399963,545.4664307,
,,530,0.9392512441,530,8.817401886,410,161.7160797,410,539.7493286,
,,531.0200195,0.9502876997,531.0200195,8.52657795,410.1499939,164.7608795,410.1499939,538.4259033,
,,532.0499878,0.8466116786,532.0499878,8.073890686,410.4500122,171.6501312,410.4500122,529.2185669,
,,532.9400024,0.8540254235,532.9400024,7.777340889,410.6000061,175.7523651,410.6000061,524.2142334,
,,533.9699707,0.7690792084,533.9699707,7.341790199,410.75,181.5621033,410.75,514.9985962,
,,535,0.7351263762,535,7.136752129,411.0599976,193.9339447,411.0599976,498.9304199,
,,536.0200195,0.7220724225,536.0200195,6.969143867,411.2099915,196.681778,411.2099915,499.2492676,
,,537.0499878,0.6921982765,537.0499878,6.447444916,411.3599854,199.4817352,411.3599854,493.6467285,
,,537.9400024,0.6566960216,537.9400024,6.380029678,411.6600037,206.9808655,411.6600037,485.6104736,
,,538.9699707,0.6490126848,538.9699707,6.046313286,411.8099976,211.5190887,411.8099976,479.9829407,
,,540,0.5863344073,540,5.856580257,411.9599915,215.8281555,411.9599915,475.9359131,
,,541.0200195,0.5747613907,541.0200195,5.399302483,412.269989,227.8141479,412.269989,465.2415161,
,,542.0499878,0.4774799049,542.0499878,5.344601154,412.4200134,230.3907471,412.4200134,462.4110107,
,,542.9400024,0.5142032504,542.9400024,5.259471416,412.5700073,232.7557373,412.5700073,459.817688,
,,543.9699707,0.557313621,543.9699707,4.965067863,412.7200012,237.4788361,412.7200012,456.5108337,
,,545,0.5891959071,545,4.883641243,413.0299988,244.9973755,413.0299988,446.6312561,
,,546.0200195,0.5595448613,546.0200195,4.613812447,413.1799927,250.5345612,413.1799927,444.1555481,
,,547.0499878,0.5381551981,547.0499878,4.219202042,413.3299866,256.427124,413.3299866,441.0689697,
,,547.9400024,0.5343851447,547.9400024,4.278473854,413.6300049,262.7102661,413.6300049,436.4729614,
,,548.9699707,0.4544028938,548.9699707,3.983964205,413.7799988,265.2115479,413.7799988,433.6886292,
,,550,0.3740237355,550,3.718926191,413.9299927,268.8394165,413.9299927,432.5734253,
,,551.0200195,0.3458184302,551.0200195,3.742954969,414.2399902,275.1370239,414.2399902,427.9642639,
,,552.0499878,0.4065932631,552.0499878,3.661526203,414.3900146,280.3804016,414.3900146,426.7705688,
,,552.9400024,0.3590523601,552.9400024,3.44587326,414.5400085,284.9734192,414.5400085,424.8327332,
,,553.9699707,0.2790794373,553.9699707,3.346637964,414.8399963,292.0613403,414.8399963,422.1272583,
,,555,0.3299513161,555,3.156662464,415,294.0247192,415,423.0862427,
,,556.0200195,0.3790990114,556.0200195,3.100099564,415.1499939,296.541748,415.1499939,422.3892822,
,,557.0499878,0.3252488673,557.0499878,3.00474453,415.4500122,303.7193909,415.4500122,420.9304199,
,,557.9400024,0.318230629,557.9400024,2.860919476,415.6000061,308.2080078,415.6000061,420.481842,
,,558.9699707,0.3253131807,558.9699707,2.556001186,415.75,312.6660767,415.75,421.5365295,
,,560,0.2844069004,560,2.697509527,416.0599976,320.8033447,416.0599976,423.0802307,
,,561.0200195,0.251126945,561.0200195,2.602626324,416.2099915,320.6919861,416.2099915,420.5302734,
,,562.0499878,0.3185458779,562.0499878,2.497295618,416.3599854,324.3968506,416.3599854,421.2375183,
,,562.9400024,0.2789913416,562.9400024,2.260938168,416.6600037,330.1552429,416.6600037,425.4842834,
,,563.9699707,0.2409546822,563.9699707,2.124285936,416.8099976,332.8906555,416.8099976,425.2873535,
,,565,0.2184219658,565,2.206976891,416.9599915,337.1029358,416.9599915,429.0007324,
,,566.0200195,0.2314502299,566.0200195,2.058017731,417.269989,342.6110535,417.269989,431.0613708,
,,567.0499878,0.3005974293,567.0499878,1.990198135,417.4200134,342.9588318,417.4200134,430.548584,
,,567.9400024,0.1627420932,567.9400024,1.925624967,417.5700073,344.4751282,417.5700073,431.5792847,
,,568.9699707,0.1556129605,568.9699707,1.870925307,417.7200012,347.0184326,417.7200012,434.5283203,
,,570,0.2160173804,570,1.866042495,418.0299988,352.8616028,418.0299988,439.3226318,
,,571.0200195,0.1315575242,571.0200195,1.795296788,418.1799927,355.0192566,418.1799927,441.995697,
,,572.0499878,0.1792369485,572.0499878,1.678179264,418.3299866,356.9228821,418.3299866,443.22052,
,,572.9400024,0.1832520664,572.9400024,1.626036763,418.6300049,359.2196655,418.6300049,447.1632996,
,,573.9699707,0.1330928802,573.9699707,1.606671453,418.7799988,360.9408264,418.7799988,450.3375854,
,,575,0.1761769652,575,1.456119895,418.9299927,362.0420227,418.9299927,451.1903381,
,,576.0200195,0.1787949204,576.0200195,1.468657732,419.2399902,365.0286255,419.2399902,457.4223022,
,,577.0499878,0.1658958048,577.0499878,1.521210313,419.3900146,367.1792297,419.3900146,457.9864197,
,,577.9400024,0.2084351182,577.9400024,1.383011222,419.5400085,368.6202087,419.5400085,461.8172302,
,,578.9699707,0.08595609665,578.9699707,1.453237176,419.8399963,369.7955017,419.8399963,464.4598999,
,,580,0.2441296577,580,1.306631446,420,371.8109436,420,463.745697,
,,581.0100098,0.1292515695,581.0100098,1.096433997,420.1499939,371.8030701,420.1499939,467.8783569,
,,582.0200195,0.1304945052,582.0200195,1.238207221,420.4500122,375.0591431,420.4500122,472.8364258,
,,583.039978,0.2259211391,583.039978,1.101721287,420.6000061,376.8685303,420.6000061,473.1132813,
,,584.0499878,0.1079460979,584.0499878,1.120229363,420.75,376.803009,420.75,476.377533,
,,585.0700073,0.09578054398,585.0700073,1.1577425,421.0599976,378.0507813,421.0599976,480.752594,
,,585.9400024,0.2682368159,585.9400024,1.066975236,421.2099915,377.3786926,421.2099915,479.6737366,
,,586.9500122,0.1199858561,586.9500122,0.980404675,421.3599854,378.4631042,421.3599854,480.5977173,
,,587.9699707,0.0694128871,587.9699707,0.9715296626,421.6600037,379.3626404,421.6600037,483.2129211,
,,588.9799805,0.04369046912,588.9799805,1.003178716,421.8099976,379.6376953,421.8099976,488.1934814,
,,590,0.1070225686,590,0.9692527652,421.9599915,379.6249084,421.9599915,488.2098083,
,,591.0100098,0.1252387315,591.0100098,0.8759422898,422.269989,380.6582642,422.269989,489.4326172,
,,592.0200195,0.1340174675,592.0200195,0.8169986606,422.4200134,380.1269531,422.4200134,489.9118652,
,,593.039978,0.1290297657,593.039978,0.9286350012,422.5700073,379.0997925,422.5700073,492.6402588,
,,594.0499878,0.103351824,594.0499878,0.8140212297,422.7200012,379.9588013,422.7200012,491.7906494,
,,595.0700073,0.09158767015,595.0700073,0.6979683638,423.0299988,378.7808228,423.0299988,492.5876465,
,,595.9400024,0.01903758757,595.9400024,0.8347664475,423.1799927,378.6742249,423.1799927,491.4022522,
,,596.9500122,0.0701110363,596.9500122,0.9264799356,423.3299866,377.9295044,423.3299866,492.2915344,
,,597.9699707,0.02540101856,597.9699707,0.7408237457,423.6300049,378.2265625,423.6300049,493.2619019,
,,598.9799805,0.08205516636,598.9799805,0.814661324,423.7799988,377.4566956,423.7799988,492.3991089,
,,600,0.1201626658,600,0.6896639466,423.9299927,376.4797363,423.9299927,494.4029846,
,,,,,,424.2399902,375.967041,424.2399902,494.0082397,
,,,,,,424.3900146,374.4896851,424.3900146,492.678894,
,,,,,,424.5400085,374.5346069,424.5400085,491.95047,
,,,,,,424.8399963,373.3984985,424.8399963,492.1194458,
,,,,,,425,372.1401978,425,492.4641724,
,,,,,,425.1499939,372.5552673,425.1499939,488.4837341,
,,,,,,425.4500122,370.62323,425.4500122,488.4004211,
,,,,,,425.6000061,368.4760437,425.6000061,485.8424072,
,,,,,,425.75,368.0581055,425.75,485.4862671,
,,,,,,426.0599976,366.4878845,426.0599976,483.810791,
,,,,,,426.2099915,364.7799072,426.2099915,481.5983276,
,,,,,,426.3599854,364.5884705,426.3599854,479.1598816,
,,,,,,426.6600037,361.312439,426.6600037,475.1922913,
,,,,,,426.8099976,360.098999,426.8099976,472.0485229,
,,,,,,426.9599915,360.4277954,426.9599915,470.5224609,
,,,,,,427.269989,357.6938477,427.269989,468.4441833,
,,,,,,427.4200134,357.1201782,427.4200134,466.2107544,
,,,,,,427.5700073,357.4719238,427.5700073,462.2457886,
,,,,,,427.7200012,353.3632813,427.7200012,458.8258667,
,,,,,,428.0299988,352.6002502,428.0299988,454.1465149,
,,,,,,428.1799927,351.2262573,428.1799927,449.6747131,
,,,,,,428.3299866,349.95401,428.3299866,448.98703,
,,,,,,428.6300049,347.6195374,428.6300049,445.166687,
,,,,,,428.7799988,348.0175781,428.7799988,442.9581909,
,,,,,,428.9299927,346.2258301,428.9299927,440.2304993,
,,,,,,429.2399902,343.1529846,429.2399902,434.2121887,
,,,,,,429.3900146,342.1869507,429.3900146,430.2743225,
,,,,,,429.5400085,341.6862793,429.5400085,430.3330994,
,,,,,,429.8399963,339.8662109,429.8399963,425.7407837,
,,,,,,430,338.9794006,430,420.8560486,
,,,,,,430.1499939,337.25,430.1499939,416.5126343,
,,,,,,430.4500122,335.5499268,430.4500122,404.6861572,
,,,,,,430.6000061,334.5428467,430.6000061,403.3284912,
,,,,,,430.75,334.2067871,430.75,398.43396,
,,,,,,431.0599976,333.3845825,431.0599976,395.3251953,
,,,,,,431.2099915,331.997345,431.2099915,391.6867371,
,,,,,,431.3599854,331.0464172,431.3599854,387.6903076,
,,,,,,431.6600037,328.8306885,431.6600037,376.8044739,
,,,,,,431.8099976,327.9133301,431.8099976,376.5358582,
,,,,,,431.9599915,327.3114624,431.9599915,372.6960449,
,,,,,,432.269989,327.7287292,432.269989,366.7426758,
,,,,,,432.4200134,326.6651001,432.4200134,362.7345276,
,,,,,,432.5700073,324.8952332,432.5700073,358.6851196,
,,,,,,432.7200012,325.0463867,432.7200012,353.303009,
,,,,,,433.0299988,323.7896118,433.0299988,348.089386,
,,,,,,433.1799927,323.37854,433.1799927,345.8494873,
,,,,,,433.3299866,323.1177063,433.3299866,344.0233154,
,,,,,,433.6300049,322.7160339,433.6300049,338.6513672,
,,,,,,433.7799988,321.3467712,433.7799988,332.8600769,
,,,,,,433.9299927,320.4134216,433.9299927,327.7525024,
,,,,,,434.2399902,320.2079468,434.2399902,323.1558838,
,,,,,,434.3900146,319.216217,434.3900146,320.2226868,
,,,,,,434.5400085,318.1473083,434.5400085,316.6480103,
,,,,,,434.8399963,318.0779724,434.8399963,309.0143127,
,,,,,,435,317.7294617,435,309.4276733,
,,,,,,435.1499939,317.6935425,435.1499939,303.4242554,
,,,,,,435.4500122,317.2242432,435.4500122,294.5330505,
,,,,,,435.6000061,315.2099304,435.6000061,293.922821,
,,,,,,435.75,315.4682007,435.75,291.160614,
,,,,,,436.0599976,315.5851135,436.0599976,285.4720764,
,,,,,,436.2099915,315.1929321,436.2099915,281.3273926,
,,,,,,436.3599854,314.6208496,436.3599854,277.412262,
,,,,,,436.6600037,313.6597595,436.6600037,272.1499939,
,,,,,,436.8099976,313.723938,436.8099976,272.1153259,
,,,,,,436.9599915,312.9087524,436.9599915,269.0991516,
,,,,,,437.269989,311.9376526,437.269989,265.2506409,
,,,,,,437.4200134,312.7993469,437.4200134,260.3358154,
,,,,,,437.5700073,311.2868347,437.5700073,257.6412964,
,,,,,,437.7200012,310.5160217,437.7200012,254.8200226,
,,,,,,438.0299988,310.7522888,438.0299988,252.0736694,
,,,,,,438.1799927,311.2465515,438.1799927,251.3867035,
,,,,,,438.3299866,309.7105408,438.3299866,247.5920715,
,,,,,,438.6300049,310.2154236,438.6300049,244.8702393,
,,,,,,438.7799988,308.607666,438.7799988,240.3973083,
,,,,,,438.9299927,308.8698425,438.9299927,238.4211578,
,,,,,,439.2399902,308.6825256,439.2399902,234.2347107,
,,,,,,439.3900146,307.5953064,439.3900146,233.7259979,
,,,,,,439.5400085,308.0557861,439.5400085,233.9253082,
,,,,,,439.8399963,307.0391541,439.8399963,229.842453,
,,,,,,440,305.2101135,440,226.2770844,
,,,,,,440.1400146,305.1412354,440.1400146,223.2791443,
,,,,,,440.4400024,305.3895874,440.4400024,220.3273926,
,,,,,,440.5899963,304.1860046,440.5899963,219.1749115,
,,,,,,440.7399902,305.1821899,440.7399902,218.4676361,
,,,,,,441.0400085,303.3271484,441.0400085,214.589035,
,,,,,,441.1900024,302.1211853,441.1900024,212.2798767,
,,,,,,441.3399963,302.7138367,441.3399963,210.6820679,
,,,,,,441.6400146,301.2351379,441.6400146,209.2399597,
,,,,,,441.7900085,300.7757874,441.7900085,207.2907104,
,,,,,,441.9400024,299.5614014,441.9400024,206.9190063,
,,,,,,442.230011,299.572052,442.230011,202.6820068,
,,,,,,442.3800049,297.6917114,442.3800049,202.5288849,
,,,,,,442.5299988,297.7762756,442.5299988,201.1651764,
,,,,,,442.8299866,297.1555786,442.8299866,199.0775604,
,,,,,,442.980011,296.7014465,442.980011,198.7508698,
,,,,,,443.1300049,296.3118286,443.1300049,198.8770142,
,,,,,,443.4299927,294.5877991,443.4299927,196.0433197,
,,,,,,443.5799866,294.0881653,443.5799866,194.5761566,
,,,,,,443.730011,293.2052612,443.730011,194.2324677,
,,,,,,444.019989,291.6940002,444.019989,191.9407501,
,,,,,,444.1700134,290.1989441,444.1700134,190.2889862,
,,,,,,444.3200073,291.2805176,444.3200073,190.406311,
,,,,,,444.6199951,289.2915039,444.6199951,187.5247345,
,,,,,,444.769989,287.6071777,444.769989,185.7388763,
,,,,,,445.0700073,285.1941528,445.0700073,184.1520538,
,,,,,,445.2200012,285.0566711,445.2200012,183.5029602,
,,,,,,445.3699951,283.9979858,445.3699951,182.3922424,
,,,,,,445.6700134,282.1322632,445.6700134,180.8122711,
,,,,,,445.8200073,281.479126,445.8200073,179.5171661,
,,,,,,445.9700012,279.8628235,445.9700012,178.8846588,
,,,,,,446.2600098,278.5118103,446.2600098,177.6182098,
,,,,,,446.4100037,278.0198975,446.4100037,177.0082397,
,,,,,,446.5599976,276.6882629,446.5599976,177.0642242,
,,,,,,446.7099915,276.5297546,446.7099915,175.5440369,
,,,,,,447.0100098,273.630188,447.0100098,173.0035095,
,,,,,,447.1600037,271.6858521,447.1600037,171.5334778,
,,,,,,447.4599915,269.9636841,447.4599915,170.1937408,
,,,,,,447.6099854,269.8161316,447.6099854,169.8220062,
,,,,,,447.7600098,269.0108643,447.7600098,169.6363068,
,,,,,,448.0499878,267.0140991,448.0499878,167.670578,
,,,,,,448.2000122,264.857666,448.2000122,167.0332794,
,,,,,,448.3500061,264.1056213,448.3500061,166.1038513,
,,,,,,448.6499939,261.0828552,448.6499939,164.0073242,
,,,,,,448.7999878,261.0386353,448.7999878,164.4804077,
,,,,,,448.9500122,259.6176758,448.9500122,163.5616455,
,,,,,,449.25,257.8343506,449.25,161.5592346,
,,,,,,449.3999939,255.5213623,449.3999939,160.0567474,
,,,,,,449.5499878,254.4588776,449.5499878,159.0370636,
,,,,,,449.8500061,251.8780823,449.8500061,157.3000641,
,,,,,,450,250.7280426,450,157.0115662,
,,,,,,450.1499939,249.7637024,450.1499939,157.1531677,
,,,,,,450.4500122,246.8000641,450.4500122,156.0648804,
,,,,,,450.6000061,245.7208099,450.6000061,155.2095337,
,,,,,,450.75,243.5125885,450.75,153.396225,
,,,,,,451.0599976,242.0465851,451.0599976,151.1342316,
,,,,,,451.2099915,240.7943115,451.2099915,149.5395508,
,,,,,,451.3599854,239.5146332,451.3599854,149.4368744,
,,,,,,451.6600037,237.3127899,451.6600037,148.429718,
,,,,,,451.8099976,235.4696045,451.8099976,147.3798828,
,,,,,,451.9599915,234.4469452,451.9599915,146.0184174,
,,,,,,452.269989,231.2447205,452.269989,143.979187,
,,,,,,452.4200134,230.4029846,452.4200134,143.6653748,
,,,,,,452.5700073,229.1210632,452.5700073,143.5499268,
,,,,,,452.7200012,228.1942444,452.7200012,142.7421112,
,,,,,,453.0299988,226.6068726,453.0299988,141.0714264,
,,,,,,453.1799927,224.1086731,453.1799927,138.7060699,
,,,,,,453.3299866,222.6629639,453.3299866,138.6152649,
,,,,,,453.6300049,221.3528595,453.6300049,136.3804779,
,,,,,,453.7799988,219.6739044,453.7799988,136.6476746,
,,,,,,453.9299927,218.9938965,453.9299927,136.3236542,
,,,,,,454.2399902,215.5276642,454.2399902,134.1430206,
,,,,,,454.3900146,213.6209412,454.3900146,131.2562866,
,,,,,,454.5400085,212.4989777,454.5400085,131.4818115,
,,,,,,454.8399963,210.7398834,454.8399963,130.8408203,
,,,,,,455,210.1920013,455,128.6513062,
,,,,,,455.1499939,207.976181,455.1499939,127.3179932,
,,,,,,455.4500122,205.1624451,455.4500122,125.1678009,
,,,,,,455.6000061,203.3785858,455.6000061,124.9194565,
,,,,,,455.75,202.5510406,455.75,123.850975,
,,,,,,456.0599976,200.8703308,456.0599976,122.2970963,
,,,,,,456.2099915,199.9474792,456.2099915,122.8218384,
,,,,,,456.3599854,199.0220642,456.3599854,120.964447,
,,,,,,456.6600037,195.5095825,456.6600037,118.4291611,
,,,,,,456.8099976,194.1736298,456.8099976,117.1135864,
,,,,,,456.9599915,192.9577179,456.9599915,116.2434235,
,,,,,,457.269989,191.2225647,457.269989,115.8096008,
,,,,,,457.4200134,191.3962555,457.4200134,114.0414963,
,,,,,,457.5700073,189.8654327,457.5700073,114.0581665,
,,,,,,457.7200012,189.1661377,457.7200012,113.1926346,
,,,,,,458.0299988,186.0300446,458.0299988,110.5044479,
,,,,,,458.1799927,184.7289124,458.1799927,108.6066742,
,,,,,,458.3299866,183.3732605,458.3299866,108.208931,
,,,,,,458.6300049,181.7743988,458.6300049,107.8113556,
,,,,,,458.7799988,182.0869446,458.7799988,106.3382797,
,,,,,,458.9299927,180.683197,458.9299927,105.9786987,
,,,,,,459.2399902,177.1948242,459.2399902,102.807106,
,,,,,,459.3900146,175.782196,459.3900146,102.9976501,
,,,,,,459.5400085,175.4507294,459.5400085,101.3668213,
,,,,,,459.8399963,173.5638123,459.8399963,99.95398712,
,,,,,,460,172.9995117,460,99.84439087,
,,,,,,460.1400146,172.0232391,460.1400146,98.8162384,
,,,,,,460.4400024,169.3600922,460.4400024,96.34046936,
,,,,,,460.5899963,168.1727142,460.5899963,95.60618591,
,,,,,,460.7399902,167.3920288,460.7399902,94.69890594,
,,,,,,461.0400085,166.2935028,461.0400085,93.58695984,
,,,,,,461.1900024,165.715744,461.1900024,93.48267365,
,,,,,,461.3399963,163.9771881,461.3399963,92.54743958,
,,,,,,461.6400146,162.1520996,461.6400146,90.21806335,
,,,,,,461.7900085,161.7913361,461.7900085,89.58344269,
,,,,,,461.9400024,160.0467072,461.9400024,89.09237671,
,,,,,,462.230011,159.2198486,462.230011,87.51593018,
,,,,,,462.3800049,158.5834045,462.3800049,87.04901123,
,,,,,,462.5299988,157.7320251,462.5299988,86.53337097,
,,,,,,462.8299866,155.8851013,462.8299866,84.53269196,
,,,,,,462.980011,154.8802185,462.980011,83.37434387,
,,,,,,463.1300049,154.3753357,463.1300049,83.20814514,
,,,,,,463.4299927,153.2881317,463.4299927,82.05397797,
,,,,,,463.5799866,152.7346649,463.5799866,81.97454834,
,,,,,,463.730011,151.4581604,463.730011,80.77140808,
,,,,,,464.019989,150.1459808,464.019989,78.53025055,
,,,,,,464.1700134,148.8703766,464.1700134,77.8822937,
,,,,,,464.3200073,148.3132935,464.3200073,77.4491272,
,,,,,,464.6199951,146.6167297,464.6199951,76.85289001,
,,,,,,464.769989,146.5751801,464.769989,75.74797821,
,,,,,,465.0700073,144.9491272,465.0700073,74.09123993,
,,,,,,465.2200012,143.7362061,465.2200012,73.57645416,
,,,,,,465.3699951,142.6417694,465.3699951,72.70007324,
,,,,,,465.6700134,141.6058807,465.6700134,72.18419647,
,,,,,,465.8200073,141.1541595,465.8200073,70.88653564,
,,,,,,465.9700012,140.17276,465.9700012,70.63542175,
,,,,,,466.2600098,139.3651581,466.2600098,69.03533936,
,,,,,,466.4100037,138.9133301,466.4100037,68.41967773,
,,,,,,466.5599976,137.4083862,466.5599976,67.68291473,
,,,,,,466.7099915,137.3640137,466.7099915,67.87667847,
,,,,,,467.0100098,135.8423767,467.0100098,66.24732208,
,,,,,,467.1600037,135.5451508,467.1600037,66.45019531,
,,,,,,467.4599915,133.877121,467.4599915,65.10775757,
,,,,,,467.6099854,133.131958,467.6099854,64.3872757,
,,,,,,467.7600098,131.9436646,467.7600098,64.08758545,
,,,,,,468.0499878,131.407196,468.0499878,62.88740158,
,,,,,,468.2000122,131.0757904,468.2000122,63.08026505,
,,,,,,468.3500061,130.1224365,468.3500061,61.82320023,
,,,,,,468.6499939,129.3895416,468.6499939,61.16225815,
,,,,,,468.7999878,128.9323425,468.7999878,60.23122025,
,,,,,,468.9500122,127.5609436,468.9500122,59.4136467,
,,,,,,469.25,126.6425247,469.25,58.18914032,
,,,,,,469.3999939,125.5770187,469.3999939,58.66869354,
,,,,,,469.5499878,125.7583923,469.5499878,58.05583191,
,,,,,,469.8500061,124.3299561,469.8500061,57.13977051,
,,,,,,470,123.7015533,470,55.35682297,
,,,,,,470.1400146,122.7701187,470.1400146,55.41425705,
,,,,,,470.4400024,121.9331589,470.4400024,55.34525681,
,,,,,,470.5899963,121.4058151,470.5899963,54.60203171,
,,,,,,470.7399902,120.676506,470.7399902,53.77635956,
,,,,,,471.0400085,119.1506348,471.0400085,53.5136528,
,,,,,,471.1900024,118.5778809,471.1900024,52.37402725,
,,,,,,471.3399963,117.8878174,471.3399963,52.38550949,
,,,,,,471.6400146,117.1679306,471.6400146,51.98328781,
,,,,,,471.7900085,117.0883636,471.7900085,51.52674103,
,,,,,,471.9400024,117.0947495,471.9400024,51.01727676,
,,,,,,472.230011,115.2802353,472.230011,50.32245255,
,,,,,,472.3800049,114.4210968,472.3800049,49.72715378,
,,,,,,472.5299988,113.9451599,472.5299988,48.81473541,
,,,,,,472.8299866,113.1871643,472.8299866,49.13143158,
,,,,,,472.980011,112.4836502,472.980011,48.69423676,
,,,,,,473.1300049,112.1943512,473.1300049,48.12918472,
,,,,,,473.4299927,110.6075592,473.4299927,47.28112793,
,,,,,,473.5799866,109.9601059,473.5799866,46.98715591,
,,,,,,473.730011,108.703537,473.730011,46.03133011,
,,,,,,474.019989,108.5557404,474.019989,45.81072235,
,,,,,,474.1700134,108.3246002,474.1700134,45.32872391,
,,,,,,474.3200073,107.310463,474.3200073,44.94800949,
,,,,,,474.6199951,105.8417969,474.6199951,44.36069489,
,,,,,,474.769989,104.6120911,474.769989,43.85993195,
,,,,,,475.0700073,103.8317108,475.0700073,42.58827972,
,,,,,,475.2200012,102.9514008,475.2200012,43.10367203,
,,,,,,475.3699951,103.4447479,475.3699951,42.59356689,
,,,,,,475.6700134,102.1306,475.6700134,42.2876358,
,,,,,,475.8200073,101.3409195,475.8200073,42.01164246,
,,,,,,475.9700012,101.4670486,475.9700012,40.92812347,
,,,,,,476.2600098,99.89218903,476.2600098,41.21727753,
,,,,,,476.4100037,99.1558609,476.4100037,40.2554245,
,,,,,,476.5599976,98.74892426,476.5599976,40.6804657,
,,,,,,476.7099915,98.52179718,476.7099915,40.14872742,
,,,,,,477.0100098,96.85276031,477.0100098,39.41903305,
,,,,,,477.1600037,96.13317108,477.1600037,39.19639587,
,,,,,,477.4599915,95.08795929,477.4599915,38.54519653,
,,,,,,477.6099854,95.52668762,477.6099854,37.71418381,
,,,,,,477.7600098,94.70955658,477.7600098,37.88602829,
,,,,,,478.0499878,93.74494934,478.0499878,37.44713593,
,,,,,,478.2000122,92.96430206,478.2000122,37.11369324,
,,,,,,478.3500061,92.24011993,478.3500061,36.08474731,
,,,,,,478.6499939,90.23620605,478.6499939,36.35326767,
,,,,,,478.7999878,90.06561279,478.7999878,36.33082962,
,,,,,,478.9500122,89.99536896,478.9500122,35.44668579,
,,,,,,479.25,89.12162781,479.25,35.09926987,
,,,,,,479.3999939,88.08105469,479.3999939,35.06129456,
,,,,,,479.5499878,87.54434967,479.5499878,34.24838638,
,,,,,,479.8500061,86.76818085,479.8500061,34.06404495,
,,,,,,480,86.59568024,480,34.08109665,
,,,,,,480.1400146,86.01548767,480.1400146,33.3741951,
,,,,,,480.4400024,85.19377899,480.4400024,32.96376801,
,,,,,,480.5899963,84.54566193,480.5899963,32.65647507,
,,,,,,480.7399902,82.93894196,480.7399902,32.69630814,
,,,,,,481.0400085,82.52931213,481.0400085,31.86754227,
,,,,,,481.1900024,82.49920654,481.1900024,32.32169342,
,,,,,,481.3399963,81.77336121,481.3399963,31.79232025,
,,,,,,481.6400146,80.64069366,481.6400146,31.38482666,
,,,,,,481.7900085,79.95015717,481.7900085,31.09274101,
,,,,,,481.9400024,79.12371063,481.9400024,30.48141479,
,,,,,,482.230011,78.46918488,482.230011,30.1127739,
,,,,,,482.3800049,78.31903076,482.3800049,30.17107773,
,,,,,,482.5299988,77.3078537,482.5299988,30.10569,
,,,,,,482.8299866,76.47510529,482.8299866,29.07636833,
,,,,,,482.980011,76.19862366,482.980011,29.07547951,
,,,,,,483.1300049,75.05184937,483.1300049,28.99930191,
,,,,,,483.4299927,74.04177856,483.4299927,28.27821541,
,,,,,,483.5799866,73.53743744,483.5799866,27.97644424,
,,,,,,483.730011,73.16770935,483.730011,27.78614998,
,,,,,,484.019989,72.52747345,484.019989,27.67816353,
,,,,,,484.1700134,71.27662659,484.1700134,27.69398689,
,,,,,,484.3200073,70.26208496,484.3200073,27.24201393,
,,,,,,484.6199951,69.43118286,484.6199951,26.60867882,
,,,,,,484.769989,69.39229584,484.769989,26.69514465,
,,,,,,485.0700073,68.32765198,485.0700073,26.52558327,
,,,,,,485.2200012,68.27030945,485.2200012,25.91420364,
,,,,,,485.3699951,66.99886322,485.3699951,25.51276588,
,,,,,,485.6700134,66.59804535,485.6700134,25.5352211,
,,,,,,485.8200073,66.13710785,485.8200073,25.20362854,
,,,,,,485.9700012,66.00650024,485.9700012,24.51524925,
,,,,,,486.2600098,65.28469849,486.2600098,24.37766838,
,,,,,,486.4100037,64.37876129,486.4100037,24.76032639,
,,,,,,486.5599976,64.06291199,486.5599976,24.51075554,
,,,,,,486.7099915,63.54071045,486.7099915,24.19874573,
,,,,,,487.0100098,62.05134201,487.0100098,23.30681419,
,,,,,,487.1600037,62.00432968,487.1600037,23.20474052,
,,,,,,487.4599915,61.21027374,487.4599915,23.37648964,
,,,,,,487.6099854,61.14681625,487.6099854,22.98850632,
,,,,,,487.7600098,60.35191727,487.7600098,22.43259239,
,,,,,,488.0499878,59.10449219,488.0499878,21.97490501,
,,,,,,488.2000122,58.55226898,488.2000122,21.78242111,
,,,,,,488.3500061,58.46016312,488.3500061,22.0665493,
,,,,,,488.6499939,57.42576981,488.6499939,21.2767334,
,,,,,,488.7999878,57.15718842,488.7999878,21.80960274,
,,,,,,488.9500122,56.98231125,488.9500122,21.11045647,
,,,,,,489.25,55.80363846,489.25,20.72627258,
,,,,,,489.3999939,55.64347839,489.3999939,20.66588593,
,,,,,,489.5499878,55.2962532,489.5499878,20.71499252,
,,,,,,489.8500061,54.59544754,489.8500061,19.91888809,
,,,,,,490,53.93550873,490,19.92414665,
,,,,,,490.1400146,53.54209137,490.1400146,19.4866581,
,,,,,,490.4400024,52.52527618,490.4400024,19.2624073,
,,,,,,490.5899963,52.29779434,490.5899963,19.42064667,
,,,,,,490.7399902,52.1444664,490.7399902,19.37464905,
,,,,,,491.0400085,51.68158722,491.0400085,19.33957481,
,,,,,,491.1900024,51.76374435,491.1900024,19.0316925,
,,,,,,491.3399963,51.01130676,491.3399963,18.8540802,
,,,,,,491.6400146,49.83340836,491.6400146,18.52536583,
,,,,,,491.7900085,49.63759995,491.7900085,18.11211205,
,,,,,,491.9400024,49.50894928,491.9400024,17.81990433,
,,,,,,492.230011,48.86624527,492.230011,17.90533447,
,,,,,,492.3800049,48.46351242,492.3800049,17.21905327,
,,,,,,492.5299988,48.43592834,492.5299988,17.62758827,
,,,,,,492.8299866,46.97933197,492.8299866,16.69565392,
,,,,,,492.980011,46.65368652,492.980011,16.88814545,
,,,,,,493.1300049,46.54761505,493.1300049,16.87525368,
,,,,,,493.4299927,46.02556992,493.4299927,16.45251083,
,,,,,,493.5799866,45.69497681,493.5799866,16.54644203,
,,,,,,493.730011,45.11929321,493.730011,16.26283073,
,,,,,,494.019989,44.28263855,494.019989,16.31438637,
,,,,,,494.1700134,44.34474945,494.1700134,16.04766273,
,,,,,,494.3200073,43.95716095,494.3200073,15.82300663,
,,,,,,494.6199951,43.4967308,494.6199951,15.43117714,
,,,,,,494.769989,43.36587524,494.769989,15.11789322,
,,,,,,495.0700073,42.4108696,495.0700073,15.16088104,
,,,,,,495.2200012,41.88283157,495.2200012,14.80475044,
,,,,,,495.3699951,41.71012115,495.3699951,14.69994354,
,,,,,,495.6700134,41.52286148,495.6700134,14.72873497,
,,,,,,495.8200073,41.38737106,495.8200073,14.26515484,
,,,,,,495.9700012,41.11460495,495.9700012,14.31276798,
,,,,,,496.2600098,40.22094345,496.2600098,14.05503178,
,,,,,,496.4100037,39.8461113,496.4100037,13.81698036,
,,,,,,496.5599976,39.64245224,496.5599976,13.773839,
,,,,,,496.7099915,39.50674438,496.7099915,13.70087147,
,,,,,,497.0100098,39.14851379,497.0100098,13.54959202,
,,,,,,497.1600037,38.89364624,497.1600037,13.22683048,
,,,,,,497.4599915,38.08847809,497.4599915,13.26833439,
,,,,,,497.6099854,37.68843842,497.6099854,13.23708725,
,,,,,,497.7600098,37.33043289,497.7600098,12.9651823,
,,,,,,498.0499878,37.03059769,498.0499878,12.71669579,
,,,,,,498.2000122,36.90138245,498.2000122,12.77190208,
,,,,,,498.3500061,36.61634445,498.3500061,12.69228458,
,,,,,,498.6499939,36.00875854,498.6499939,12.19652367,
,,,,,,498.7999878,35.80817413,498.7999878,12.0705719,
,,,,,,498.9500122,35.69160843,498.9500122,12.38255978,
,,,,,,499.25,35.43489456,499.25,11.99419022,
,,,,,,499.3999939,35.3854866,499.3999939,11.76380253,
,,,,,,499.5499878,34.69662857,499.5499878,11.75650787,
,,,,,,499.8500061,34.17781067,499.8500061,11.4220562,
,,,,,,500,33.9776535,500,11.09776115,
,,,,,,500.1400146,33.94422531,500.1400146,11.39032078,
,,,,,,500.4400024,33.65345764,500.4400024,11.0473938,
,,,,,,500.5899963,33.22330856,500.5899963,11.06026936,
,,,,,,500.7399902,33.00514984,500.7399902,10.86107826,
,,,,,,501.0400085,32.45922852,501.0400085,10.78105927,
,,,,,,501.1900024,32.32597351,501.1900024,10.80187893,
,,,,,,501.3399963,31.95830727,501.3399963,10.40652275,
,,,,,,501.6400146,31.94098091,501.6400146,10.22893238,
,,,,,,501.7900085,31.60906601,501.7900085,10.27130413,
,,,,,,501.9400024,31.62748718,501.9400024,10.48193836,
,,,,,,502.230011,30.91732216,502.230011,10.15244579,
,,,,,,502.3800049,30.67066765,502.3800049,9.747150421,
,,,,,,502.5299988,30.37863731,502.5299988,9.902048111,
,,,,,,502.8299866,30.24388504,502.8299866,9.714387894,
,,,,,,502.980011,29.61584663,502.980011,9.850781441,
,,,,,,503.1300049,30.14806366,503.1300049,9.447237015,
,,,,,,503.4299927,29.26705551,503.4299927,9.24322319,
,,,,,,503.5799866,29.18930626,503.5799866,9.23803997,
,,,,,,503.730011,28.83285713,503.730011,8.909383774,
,,,,,,504.019989,28.63716316,504.019989,8.945239067,
,,,,,,504.1700134,28.32014084,504.1700134,9.193187714,
,,,,,,504.3200073,28.41530609,504.3200073,8.929024696,
,,,,,,504.6199951,27.56865692,504.6199951,8.788029671,
,,,,,,504.769989,27.4604454,504.769989,8.39407444,
,,,,,,505.0700073,26.9797039,505.0700073,8.641612053,
,,,,,,505.2200012,26.95822525,505.2200012,8.683011055,
,,,,,,505.3699951,27.17556572,505.3699951,8.324007988,
,,,,,,505.6700134,26.76380539,505.6700134,8.440553665,
,,,,,,505.8200073,26.71162033,505.8200073,8.248692513,
,,,,,,505.9700012,26.4350872,505.9700012,8.107209206,
,,,,,,506.2600098,25.87410355,506.2600098,8.186421394,
,,,,,,506.4100037,25.88444328,506.4100037,7.864256382,
,,,,,,506.5599976,25.88274956,506.5599976,7.934464931,
,,,,,,506.7099915,25.62210655,506.7099915,7.841895103,
,,,,,,507.0100098,25.00896645,507.0100098,7.694771767,
,,,,,,507.1600037,25.07041359,507.1600037,7.384627342,
,,,,,,507.4599915,24.79224205,507.4599915,7.68386364,
,,,,,,507.6099854,24.53775406,507.6099854,7.324368477,
,,,,,,507.7600098,24.62794685,507.7600098,7.276324749,
,,,,,,508.0499878,23.8421154,508.0499878,7.268422127,
,,,,,,508.2000122,23.850811,508.2000122,7.122048378,
,,,,,,508.3500061,23.71953773,508.3500061,6.982787609,
,,,,,,508.6499939,23.37520027,508.6499939,7.338785172,
,,,,,,508.7999878,23.43400955,508.7999878,6.961016178,
,,,,,,508.9500122,23.26668549,508.9500122,6.85647583,
,,,,,,509.25,22.85087395,509.25,6.812655449,
,,,,,,509.3999939,22.71596336,509.3999939,6.941010475,
,,,,,,509.5499878,22.38574028,509.5499878,6.779639244,
,,,,,,509.8500061,22.0432682,509.8500061,6.768329144,
,,,,,,510,21.84405708,510,6.552758217,
,,,,,,510.1400146,22.22427177,510.1400146,6.571612835,
,,,,,,510.4400024,22.02137184,510.4400024,6.482306957,
,,,,,,510.5799866,21.59716797,510.5799866,6.095189571,
,,,,,,510.730011,21.3798542,510.730011,6.27826786,
,,,,,,511.019989,21.13182068,511.019989,6.265882015,
,,,,,,511.1700134,20.85412025,511.1700134,6.023671627,
,,,,,,511.4700012,20.73857498,511.4700012,6.049489975,
,,,,,,511.6099854,20.54861832,511.6099854,6.025718212,
,,,,,,511.7600098,20.54883194,511.7600098,5.881867409,
,,,,,,512.0499878,20.1363945,512.0499878,5.778211117,
,,,,,,512.2000122,19.9821949,512.2000122,5.741827488,
,,,,,,512.3499756,20.13220596,512.3499756,5.727442265,
,,,,,,512.6400146,19.631567,512.6400146,5.673258781,
,,,,,,512.789978,19.4642334,512.789978,5.717980862,
,,,,,,512.9400024,19.43896866,512.9400024,5.466300488,
,,,,,,513.2299805,18.94504738,513.2299805,5.831582546,
,,,,,,513.3800049,19.21600533,513.3800049,5.340342522,
,,,,,,513.5200195,18.96679688,513.5200195,5.326114178,
,,,,,,513.8200073,19.01394463,513.8200073,5.473334789,
,,,,,,513.9699707,18.70347977,513.9699707,5.292047501,
,,,,,,514.2600098,18.51605988,514.2600098,5.125718594,
,,,,,,514.4099731,18.13677979,514.4099731,5.193448067,
,,,,,,514.5499878,18.22952843,514.5499878,5.374567986,
,,,,,,514.8499756,18.01630974,514.8499756,5.030366421,
,,,,,,515,17.62352753,515,5.151259422,
,,,,,,515.1400146,17.7771244,515.1400146,5.052199364,
,,,,,,515.4400024,17.37252617,515.4400024,4.963134289,
,,,,,,515.5800171,17.32272148,515.5800171,5.028767109,
,,,,,,515.7299805,17.36322594,515.7299805,4.868628979,
,,,,,,516.0200195,17.13376236,516.0200195,4.676354885,
,,,,,,516.1699829,16.82259941,516.1699829,4.822227478,
,,,,,,516.4699707,16.61473465,516.4699707,4.793608665,
,,,,,,516.6099854,16.54063034,516.6099854,4.681905746,
,,,,,,516.7600098,16.63869667,516.7600098,4.749851704,
,,,,,,517.0499878,16.29128075,517.0499878,4.685101986,
,,,,,,517.2000122,15.99967861,517.2000122,4.68065834,
,,,,,,517.3499756,16.07537079,517.3499756,4.612446785,
,,,,,,517.6400146,15.91317368,517.6400146,4.371121407,
,,,,,,517.789978,15.86712933,517.789978,4.344163418,
,,,,,,517.9400024,15.71106148,517.9400024,4.483674526,
,,,,,,518.2299805,15.41475105,518.2299805,4.479184628,
,,,,,,518.3800049,15.30917454,518.3800049,4.294589996,
,,,,,,518.5200195,15.41711903,518.5200195,4.143899441,
,,,,,,518.8200073,14.79851913,518.8200073,4.309965134,
,,,,,,518.9699707,14.9462595,518.9699707,4.125100613,
,,,,,,519.2600098,14.72210884,519.2600098,4.060112476,
,,,,,,519.4099731,14.66867638,519.4099731,4.263097286,
,,,,,,519.5499878,14.61439323,519.5499878,4.093249321,
,,,,,,519.8499756,14.50096512,519.8499756,3.938120842,
,,,,,,520,14.23364162,520,3.840045691,
,,,,,,520.1400146,14.28798676,520.1400146,3.962969303,
,,,,,,520.4400024,13.94177151,520.4400024,3.817845106,
,,,,,,520.5900269,14.06488419,520.5900269,3.829449654,
,,,,,,520.7399902,13.98880386,520.7399902,3.801590681,
,,,,,,521.039978,13.75239277,521.039978,3.776011705,
,,,,,,521.1900024,13.49165249,521.1900024,3.815013409,
,,,,,,521.3400269,13.49841881,521.3400269,3.688775778,
,,,,,,521.6400146,13.42241573,521.6400146,3.755916834,
,,,,,,521.789978,13.24523163,521.789978,3.678700924,
,,,,,,521.9400024,13.38321877,521.9400024,3.602542639,
,,,,,,522.2299805,12.76347542,522.2299805,3.567903042,
,,,,,,522.3800049,12.67741585,522.3800049,3.540877342,
,,,,,,522.5300293,12.68659115,522.5300293,3.530484676,
,,,,,,522.8300171,12.6793766,522.8300171,3.522843122,
,,,,,,522.9799805,12.61225986,522.9799805,3.32959795,
,,,,,,523.1300049,12.49661636,523.1300049,3.399931908,
,,,,,,523.4299927,12.34607792,523.4299927,3.425532341,
,,,,,,523.5800171,12.21386528,523.5800171,3.244109392,
,,,,,,523.7299805,12.07731819,523.7299805,3.379066944,
,,,,,,524.0200195,12.01447487,524.0200195,3.334625006,
,,,,,,524.1699829,11.91694546,524.1699829,3.377303362,
,,,,,,524.3200073,11.90037537,524.3200073,3.323982716,
,,,,,,524.6199951,11.66762066,524.6199951,3.368548155,
,,,,,,524.7700195,11.65797806,524.7700195,3.082991838,
,,,,,,525.0700073,11.46693611,525.0700073,3.1463871,
,,,,,,525.2199707,11.5849905,525.2199707,3.069027662,
,,,,,,525.3699951,11.25662613,525.3699951,2.898605347,
,,,,,,525.5200195,11.19583797,525.5200195,3.019385099,
,,,,,,525.8200073,11.01423073,525.8200073,3.048625231,
,,,,,,525.9699707,10.9382782,525.9699707,2.9510777,
,,,,,,526.2600098,10.78994083,526.2600098,2.958133698,
,,,,,,526.4099731,10.73151398,526.4099731,3.069460869,
,,,,,,526.5599976,10.69282818,526.5599976,2.823104382,
,,,,,,526.710022,10.78420448,526.710022,2.947715759,
,,,,,,527.0100098,10.28285789,527.0100098,2.900410891,
,,,,,,527.1599731,10.33973026,527.1599731,2.716192007,
,,,,,,527.460022,10.2835474,527.460022,2.796375275,
,,,,,,527.6099854,10.26644897,527.6099854,2.714857578,
,,,,,,527.7600098,10.19675541,527.7600098,2.79791832,
,,,,,,528.0499878,10.02135277,528.0499878,2.77404809,
,,,,,,528.2000122,9.922904968,528.2000122,2.83401823,
,,,,,,528.3499756,9.887800217,528.3499756,2.564995766,
,,,,,,528.6500244,9.687586784,528.6500244,2.535636187,
,,,,,,528.7999878,9.721739769,528.7999878,2.474846363,
,,,,,,528.9500122,9.75767231,528.9500122,2.654230118,
,,,,,,529.25,9.517902374,529.25,2.621511459,
,,,,,,529.4000244,9.471982956,529.4000244,2.628228664,
,,,,,,529.5499878,9.387618065,529.5499878,2.675787926,
,,,,,,529.8499756,9.159505844,529.8499756,2.495274067,
,,,,,,530,9.240897179,530,2.594273567,
,,,,,,530.1400146,9.122424126,530.1400146,2.442333937,
,,,,,,530.4400024,9.185749054,530.4400024,2.474999189,
,,,,,,530.5800171,8.952309608,530.5800171,2.364679098,
,,,,,,530.7299805,8.94360733,530.7299805,2.397704124,
,,,,,,531.0200195,8.696684837,531.0200195,2.428905725,
,,,,,,531.1699829,8.844956398,531.1699829,2.379472017,
,,,,,,531.4699707,8.594557762,531.4699707,2.295313358,
,,,,,,531.6099854,8.565558434,531.6099854,2.382636547,
,,,,,,531.7600098,8.577863693,531.7600098,2.267917395,
,,,,,,532.0499878,8.358114243,532.0499878,2.226102829,
,,,,,,532.2000122,8.214396477,532.2000122,2.266213655,
,,,,,,532.3499756,8.184310913,532.3499756,2.263516903,
,,,,,,532.6400146,8.145287514,532.6400146,2.176661968,
,,,,,,532.789978,7.898062706,532.789978,2.127152205,
,,,,,,532.9400024,8.001296997,532.9400024,2.200904131,
,,,,,,533.2299805,7.744307041,533.2299805,2.095990181,
,,,,,,533.3800049,7.787930965,533.3800049,2.167835951,
,,,,,,533.5200195,7.863414288,533.5200195,1.934405565,
,,,,,,533.8200073,7.776497841,533.8200073,1.980685115,
,,,,,,533.9699707,7.799286366,533.9699707,2.147332191,
,,,,,,534.2600098,7.60305357,534.2600098,1.952904224,
,,,,,,534.4099731,7.56417799,534.4099731,1.980421424,
,,,,,,534.5499878,7.373438358,534.5499878,2.002614737,
,,,,,,534.8499756,7.355091572,534.8499756,2.107968569,
,,,,,,535,7.342531681,535,1.913489819,
,,,,,,535.1400146,7.355831146,535.1400146,2.037539959,
,,,,,,535.4400024,7.10629797,535.4400024,1.930175185,
,,,,,,535.5800171,7.179004669,535.5800171,1.8511132,
,,,,,,535.7299805,7.121950626,535.7299805,2.001632452,
,,,,,,536.0200195,6.914314747,536.0200195,1.843120217,
,,,,,,536.1699829,6.931054115,536.1699829,1.851779699,
,,,,,,536.4699707,6.88443327,536.4699707,1.832980752,
,,,,,,536.6099854,6.779711723,536.6099854,1.809142113,
,,,,,,536.7600098,6.797775745,536.7600098,1.741149068,
,,,,,,537.0499878,6.70301342,537.0499878,1.852075815,
,,,,,,537.2000122,6.540812492,537.2000122,1.747079611,
,,,,,,537.3499756,6.61306572,537.3499756,1.677349806,
,,,,,,537.6400146,6.515820026,537.6400146,1.768381119,
,,,,,,537.789978,6.496812344,537.789978,1.809507012,
,,,,,,537.9400024,6.43581152,537.9400024,1.751750112,
,,,,,,538.2299805,6.363323212,538.2299805,1.675173402,
,,,,,,538.3800049,6.273722649,538.3800049,1.813260794,
,,,,,,538.5200195,6.391734123,538.5200195,1.676670194,
,,,,,,538.8200073,6.211211205,538.8200073,1.648646593,
,,,,,,538.9699707,6.232474327,538.9699707,1.639807701,
,,,,,,539.2600098,6.111127377,539.2600098,1.616281033,
,,,,,,539.4099731,6.073143005,539.4099731,1.638706684,
,,,,,,539.5499878,6.021589279,539.5499878,1.592476964,
,,,,,,539.8499756,5.966143131,539.8499756,1.674107194,
,,,,,,540,5.817628384,540,1.548602223,
,,,,,,540.1400146,5.829507351,540.1400146,1.572762132,
,,,,,,540.4400024,5.880456924,540.4400024,1.446108103,
,,,,,,540.5800171,5.848816872,540.5800171,1.479459643,
,,,,,,540.7299805,5.743890762,540.7299805,1.488987207,
,,,,,,541.0200195,5.710166454,541.0200195,1.534658194,
,,,,,,541.1699829,5.657779217,541.1699829,1.546765566,
,,,,,,541.4699707,5.503652096,541.4699707,1.488858938,
,,,,,,541.6099854,5.579634666,541.6099854,1.395560265,
,,,,,,541.7600098,5.614962101,541.7600098,1.472555995,
,,,,,,542.0499878,5.487015247,542.0499878,1.48241055,
,,,,,,542.2000122,5.410821438,542.2000122,1.501712561,
,,,,,,542.3499756,5.333259583,542.3499756,1.527231336,
,,,,,,542.6400146,5.172953606,542.6400146,1.327721596,
,,,,,,542.789978,5.367349148,542.789978,1.375051856,
,,,,,,542.9400024,5.443041801,542.9400024,1.402032852,
,,,,,,543.2299805,5.229431629,543.2299805,1.347536802,
,,,,,,543.3800049,5.20788002,543.3800049,1.41896987,
,,,,,,543.5200195,5.145827293,543.5200195,1.431739926,
,,,,,,543.8200073,5.156389713,543.8200073,1.399650097,
,,,,,,543.9699707,5.241800308,543.9699707,1.338578701,
,,,,,,544.2600098,5.07095623,544.2600098,1.294726133,
,,,,,,544.4099731,5.11698103,544.4099731,1.411571026,
,,,,,,544.5499878,5.045425892,544.5499878,1.225075841,
,,,,,,544.8499756,4.808940411,544.8499756,1.313721776,
,,,,,,545,4.864683151,545,1.356290579,
,,,,,,545.1400146,4.857844353,545.1400146,1.236512899,
,,,,,,545.4400024,4.832289219,545.4400024,1.339209914,
,,,,,,545.5800171,4.911550522,545.5800171,1.208576441,
,,,,,,545.7299805,4.749680042,545.7299805,1.30453229,
,,,,,,546.0200195,4.617900372,546.0200195,1.185458422,
,,,,,,546.1699829,4.631979465,546.1699829,1.208013654,
,,,,,,546.4699707,4.533296585,546.4699707,1.199967384,
,,,,,,546.6099854,4.590323448,546.6099854,1.147504807,
,,,,,,546.7600098,4.537238598,546.7600098,1.214039683,
,,,,,,547.0499878,4.471843719,547.0499878,1.029775023,
,,,,,,547.2000122,4.540118217,547.2000122,1.131511688,
,,,,,,547.3499756,4.366530895,547.3499756,1.284440637,
,,,,,,547.6400146,4.324463367,547.6400146,1.177633762,
,,,,,,547.789978,4.402481556,547.789978,1.119176745,
,,,,,,547.9400024,4.349817753,547.9400024,1.050367594,
,,,,,,548.2299805,4.305143356,548.2299805,1.180090427,
,,,,,,548.3800049,4.234612465,548.3800049,1.069199681,
,,,,,,548.5200195,4.231948376,548.5200195,1.221735597,
,,,,,,548.8200073,4.266590118,548.8200073,1.087078691,
,,,,,,548.9699707,4.198755741,548.9699707,1.119190574,
,,,,,,549.2600098,4.173659801,549.2600098,1.165638447,
,,,,,,549.4099731,4.166429043,549.4099731,1.061849594,
,,,,,,549.5499878,4.074961185,549.5499878,1.089914799,
,,,,,,549.8499756,4.070771694,549.8499756,1.027826071,
,,,,,,550,4.006113529,550,1.10865438,
,,,,,,550.1400146,3.934858322,550.1400146,1.195723414,
,,,,,,550.4400024,3.972910404,550.4400024,1.020843744,
,,,,,,550.5800171,3.969683409,550.5800171,1.029119134,
,,,,,,550.7299805,3.933093548,550.7299805,1.114341378,
,,,,,,551.0200195,3.840358973,551.0200195,1.034247756,
,,,,,,551.1699829,3.857909203,551.1699829,0.9699624777,
,,,,,,551.4699707,3.815933466,551.4699707,1.084673405,
,,,,,,551.6099854,3.695444107,551.6099854,0.9739329815,
,,,,,,551.7600098,3.816088676,551.7600098,0.9135862589,
,,,,,,552.0499878,3.52680254,552.0499878,0.9315593243,
,,,,,,552.2000122,3.636669159,552.2000122,1.091848612,
,,,,,,552.3499756,3.702719688,552.3499756,0.9017301798,
,,,,,,552.6400146,3.632618904,552.6400146,0.9575385451,
,,,,,,552.789978,3.668734789,552.789978,1.000389814,
,,,,,,552.9400024,3.5055058,552.9400024,0.9289970994,
,,,,,,553.2299805,3.552428246,553.2299805,0.9667919874,
,,,,,,553.3800049,3.461674929,553.3800049,1.009029627,
,,,,,,553.5200195,3.581840992,553.5200195,1.039494276,
,,,,,,553.8200073,3.516253948,553.8200073,0.9062313437,
,,,,,,553.9699707,3.523407459,553.9699707,0.8409025073,
,,,,,,554.2600098,3.396341801,554.2600098,0.9407337904,
,,,,,,554.4099731,3.366129637,554.4099731,0.987418592,
,,,,,,554.5499878,3.353574038,554.5499878,0.9531095624,
,,,,,,554.8499756,3.341417313,554.8499756,0.7765669227,
,,,,,,555,3.427687883,555,0.9193817377,
,,,,,,555.1400146,3.242662668,555.1400146,0.9883285761,
,,,,,,555.4400024,3.184919596,555.4400024,0.9541620612,
,,,,,,555.5800171,3.260725021,555.5800171,0.8453461528,
,,,,,,555.7299805,3.17310977,555.7299805,0.874879539,
,,,,,,556.0200195,3.14509511,556.0200195,0.9106767178,
,,,,,,556.1699829,3.152810335,556.1699829,0.8822003007,
,,,,,,556.4699707,3.138529778,556.4699707,0.8620074987,
,,,,,,556.6099854,3.134757757,556.6099854,0.8932300806,
,,,,,,556.7600098,3.038364887,556.7600098,0.853315115,
,,,,,,557.0499878,3.020056725,557.0499878,0.7935593724,
,,,,,,557.2000122,3.059643269,557.2000122,0.8973937035,
,,,,,,557.3499756,2.929721117,557.3499756,0.9922149181,
,,,,,,557.6400146,3.048166752,557.6400146,0.8032644391,
,,,,,,557.789978,2.932371616,557.789978,0.823071897,
,,,,,,557.9400024,2.951695681,557.9400024,0.8880143762,
,,,,,,558.2299805,2.849421978,558.2299805,0.765789628,
,,,,,,558.3800049,2.899986744,558.3800049,0.7290893793,
,,,,,,558.5200195,2.9042871,558.5200195,0.789691627,
,,,,,,558.8200073,2.795480728,558.8200073,0.8549700975,
,,,,,,558.9699707,2.788837671,558.9699707,0.8001024127,
,,,,,,559.2600098,2.730353594,559.2600098,0.770177722,
,,,,,,559.4099731,2.753127813,559.4099731,0.8944485784,
,,,,,,559.5499878,2.768913031,559.5499878,0.8565694094,
,,,,,,559.8499756,2.653184652,559.8499756,0.7133814096,
,,,,,,560,2.744440794,560,0.8802371025,
,,,,,,560.1400146,2.761555195,560.1400146,0.9065551162,
,,,,,,560.4400024,2.652299166,560.4400024,0.7449699044,
,,,,,,560.5800171,2.629031658,560.5800171,0.7610780597,
,,,,,,560.7299805,2.605347633,560.7299805,0.740670979,
,,,,,,561.0200195,2.622321606,561.0200195,0.7786141038,
,,,,,,561.1699829,2.579126596,561.1699829,0.7145819068,
,,,,,,561.4699707,2.523914337,561.4699707,0.6999248862,
,,,,,,561.6099854,2.513283253,561.6099854,0.6914488673,
,,,,,,561.7600098,2.611629248,561.7600098,0.7885042429,
,,,,,,562.0499878,2.585085154,562.0499878,0.8055025935,
,,,,,,562.2000122,2.592173815,562.2000122,0.6729813814,
,,,,,,562.3499756,2.554630995,562.3499756,0.6458843946,
,,,,,,562.6400146,2.509259939,562.6400146,0.6469646096,
,,,,,,562.789978,2.433150291,562.789978,0.6762680411,
,,,,,,562.9400024,2.430007219,562.9400024,0.6452307105,
,,,,,,563.2299805,2.48315382,563.2299805,0.7080349326,
,,,,,,563.3800049,2.429788351,563.3800049,0.7522871494,
,,,,,,563.5200195,2.368786573,563.5200195,0.768789649,
,,,,,,563.8200073,2.410753965,563.8200073,0.6891028881,
,,,,,,563.9699707,2.351890564,563.9699707,0.7045151591,
,,,,,,564.2600098,2.335508347,564.2600098,0.7059896588,
,,,,,,564.4099731,2.28397131,564.4099731,0.6817708611,
,,,,,,564.5499878,2.250252247,564.5499878,0.6500121951,
,,,,,,564.8499756,2.243312359,564.8499756,0.7044756413,
,,,,,,565,2.265216351,565,0.5886626244,
,,,,,,565.1400146,2.23085618,565.1400146,0.6844627261,
,,,,,,565.4400024,2.214504719,565.4400024,0.6194739938,
,,,,,,565.5800171,2.151793718,565.5800171,0.6167827845,
,,,,,,565.7299805,2.139629364,565.7299805,0.6441508532,
,,,,,,566.0200195,2.190537453,566.0200195,0.657433331,
,,,,,,566.1699829,2.154803514,566.1699829,0.6383004785,
,,,,,,566.4699707,2.151356459,566.4699707,0.6006795168,
,,,,,,566.6099854,2.141247034,566.6099854,0.6070723534,
,,,,,,566.7600098,2.014001608,566.7600098,0.5915538669,
,,,,,,567.0499878,2.064759493,567.0499878,0.5764439106,
,,,,,,567.2000122,2.071526766,567.2000122,0.647868216,
,,,,,,567.3499756,2.03222847,567.3499756,0.5456518531,
,,,,,,567.6400146,2.063525677,567.6400146,0.5253334641,
,,,,,,567.789978,1.9863832,567.789978,0.6680952907,
,,,,,,567.9400024,2.042103291,567.9400024,0.720985055,
,,,,,,568.2299805,1.99915123,568.2299805,0.5184928775,
,,,,,,568.3800049,1.913585663,568.3800049,0.5692928433,
,,,,,,568.5200195,1.978735924,568.5200195,0.6081479192,
,,,,,,568.8200073,1.936034203,568.8200073,0.6245822906,
,,,,,,568.9699707,1.903573751,568.9699707,0.5357754827,
,,,,,,569.2600098,1.950673103,569.2600098,0.5414084196,
,,,,,,569.4099731,1.888424397,569.4099731,0.5050315857,
,,,,,,569.5499878,1.860135436,569.5499878,0.6156513691,
,,,,,,569.8499756,1.78058517,569.8499756,0.6485639811,
,,,,,,570,1.842894435,570,0.5182576776,
,,,,,,570.1400146,1.826465964,570.1400146,0.6709051132,
,,,,,,570.4400024,1.854291558,570.4400024,0.5315204263,
,,,,,,570.5800171,1.826434135,570.5800171,0.5809174776,
,,,,,,570.7299805,1.802610517,570.7299805,0.4845503271,
,,,,,,571.0200195,1.771215081,571.0200195,0.5870031118,
,,,,,,571.1699829,1.717058539,571.1699829,0.556946218,
,,,,,,571.4699707,1.694468021,571.4699707,0.5250787139,
,,,,,,571.6099854,1.803734779,571.6099854,0.5167379379,
,,,,,,571.7600098,1.755625725,571.7600098,0.5482386947,
,,,,,,572.0499878,1.720170856,572.0499878,0.5559310913,
,,,,,,572.2000122,1.73346591,572.2000122,0.5750357509,
,,,,,,572.3499756,1.606562853,572.3499756,0.458368063,
,,,,,,572.6400146,1.654609084,572.6400146,0.5171617866,
,,,,,,572.789978,1.688549757,572.789978,0.5581302047,
,,,,,,572.9400024,1.656201959,572.9400024,0.5954341888,
,,,,,,573.2299805,1.655106187,573.2299805,0.5106382966,
,,,,,,573.3800049,1.676805377,573.3800049,0.5400297046,
,,,,,,573.5200195,1.664336801,573.5200195,0.6206852794,
,,,,,,573.8200073,1.712704301,573.8200073,0.577532053,
,,,,,,573.9699707,1.666117787,573.9699707,0.6086037755,
,,,,,,574.2600098,1.560275435,574.2600098,0.5763160586,
,,,,,,574.4099731,1.623950601,574.4099731,0.5852503777,
,,,,,,574.5499878,1.572571635,574.5499878,0.5473074913,
,,,,,,574.8499756,1.580394387,574.8499756,0.4979348779,
,,,,,,575,1.594744682,575,0.5284469724,
,,,,,,575.1400146,1.532042623,575.1400146,0.6184213161,
,,,,,,575.4400024,1.52528882,575.4400024,0.510551393,
,,,,,,575.5800171,1.545515656,575.5800171,0.5349739194,
,,,,,,575.7299805,1.448744178,575.7299805,0.5014497042,
,,,,,,576.0200195,1.47293663,576.0200195,0.4738699198,
,,,,,,576.1699829,1.583290577,576.1699829,0.5758342147,
,,,,,,576.4699707,1.530255795,576.4699707,0.4774902165,
,,,,,,576.6099854,1.546290874,576.6099854,0.4754264057,
,,,,,,576.7600098,1.460291743,576.7600098,0.5721187592,
,,,,,,577.0499878,1.441262484,577.0499878,0.5003367662,
,,,,,,577.2000122,1.468579531,577.2000122,0.4669131339,
,,,,,,577.3499756,1.41225338,577.3499756,0.4579657316,
,,,,,,577.6400146,1.413995385,577.6400146,0.4564947784,
,,,,,,577.789978,1.338223934,577.789978,0.4433606863,
,,,,,,577.9400024,1.450315595,577.9400024,0.4824561477,
,,,,,,578.2299805,1.475148559,578.2299805,0.4569194913,
,,,,,,578.3800049,1.388649106,578.3800049,0.4783297181,
,,,,,,578.5200195,1.416967869,578.5200195,0.4873389304,
,,,,,,578.8200073,1.38041234,578.8200073,0.4764510989,
,,,,,,578.9699707,1.366331697,578.9699707,0.5612888932,
,,,,,,579.2600098,1.406407595,579.2600098,0.5132120848,
,,,,,,579.4099731,1.340301991,579.4099731,0.4653182626,
,,,,,,579.5499878,1.330355048,579.5499878,0.4458563328,
,,,,,,579.8499756,1.331489921,579.8499756,0.4525228143,
,,,,,,580,1.320094943,580,0.5229311585,
,,,,,,580.1400146,1.301077127,580.1400146,0.4474413991,
,,,,,,580.4299927,1.246450543,580.4299927,0.4818040729,
,,,,,,580.5700073,1.302942753,580.5700073,0.4751960337,
,,,,,,580.7199707,1.288904667,580.7199707,0.4903840721,
,,,,,,581.0100098,1.285743713,581.0100098,0.4738509059,
,,,,,,581.1500244,1.254405022,581.1500244,0.3861075938,
,,,,,,581.4400024,1.315383554,581.4400024,0.3932780623,
,,,,,,581.5900269,1.270415306,581.5900269,0.4247307479,
,,,,,,581.7299805,1.246605396,581.7299805,0.5075473785,
,,,,,,582.0200195,1.261000037,582.0200195,0.5030868053,
,,,,,,582.1699829,1.284305811,582.1699829,0.4258810282,
,,,,,,582.460022,1.296726346,582.460022,0.3956018984,
,,,,,,582.5999756,1.117359757,582.5999756,0.4532093108,
,,,,,,582.75,1.194473743,582.75,0.4520199597,
,,,,,,583.039978,1.203022361,583.039978,0.4083768427,
,,,,,,583.1799927,1.212704301,583.1799927,0.5033979416,
,,,,,,583.3300171,1.18433547,583.3300171,0.3436533511,
,,,,,,583.6199951,1.120976686,583.6199951,0.4223943651,
,,,,,,583.7600098,1.13957417,583.7600098,0.4433980584,
,,,,,,584.0499878,1.149442315,584.0499878,0.4482015669,
,,,,,,584.2000122,1.073802948,584.2000122,0.4539894164,
,,,,,,584.3400269,1.246501923,584.3400269,0.3774629533,
,,,,,,584.6300049,1.200883269,584.6300049,0.3010639548,
,,,,,,584.7800293,1.193912506,584.7800293,0.3373292387,
,,,,,,585.0700073,1.084255099,585.0700073,0.448054105,
,,,,,,585.210022,1.117729187,585.210022,0.4681707025,
,,,,,,585.3599854,1.107362032,585.3599854,0.3798814714,
,,,,,,585.6500244,1.153529644,585.6500244,0.4860620201,
,,,,,,585.789978,1.046189904,585.789978,0.3595375121,
,,,,,,585.9400024,1.079376221,585.9400024,0.3710854948,
,,,,,,586.2299805,1.114358187,586.2299805,0.4127631187,
,,,,,,586.3699951,1.113001704,586.3699951,0.3970780373,
,,,,,,586.5200195,1.079833627,586.5200195,0.4418717623,
,,,,,,586.8099976,1.151194215,586.8099976,0.367993325,
,,,,,,586.9500122,1.113408208,586.9500122,0.3482709825,
,,,,,,587.2399902,0.9988396168,587.2399902,0.5049452782,
,,,,,,587.3900146,1.033869028,587.3900146,0.3781075776,
,,,,,,587.5300293,0.9924480915,587.5300293,0.4595474303,
,,,,,,587.8200073,1.104474425,587.8200073,0.3726699948,
,,,,,,587.9699707,1.072728515,587.9699707,0.3578693867,
,,,,,,588.2600098,0.9240747094,588.2600098,0.3928537965,
,,,,,,588.4000244,1.04483664,588.4000244,0.368888706,
,,,,,,588.5499878,1.016750693,588.5499878,0.4455824792,
,,,,,,588.8400269,1.086951137,588.8400269,0.4471043646,
,,,,,,588.9799805,0.9648029804,588.9799805,0.4096935987,
,,,,,,589.1300049,1.023091555,589.1300049,0.4030379057,
,,,,,,589.4199829,0.9313563108,589.4199829,0.3548925519,
,,,,,,589.5599976,0.9507162571,589.5599976,0.3402796686,
,,,,,,589.8499756,0.9928803444,589.8499756,0.3659583032,
,,,,,,590,0.9582032561,590,0.3972811103,
,,,,,,590.1400146,0.9565118551,590.1400146,0.3878235519,
,,,,,,590.4299927,0.9514629841,590.4299927,0.3665598035,
,,,,,,590.5700073,0.9667118788,590.5700073,0.3175967038,
,,,,,,590.7199707,0.9323894978,590.7199707,0.419562906,
,,,,,,591.0100098,0.9649350047,591.0100098,0.3745225072,
,,,,,,591.1500244,0.9740403891,591.1500244,0.4478477836,
,,,,,,591.4400024,0.9373750091,591.4400024,0.3837008774,
,,,,,,591.5900269,0.9007766843,591.5900269,0.4113687277,
,,,,,,591.7299805,0.9035259485,591.7299805,0.350538969,
,,,,,,592.0200195,0.9437583685,592.0200195,0.3907873333,
,,,,,,592.1699829,0.8911141157,592.1699829,0.4262838066,
,,,,,,592.460022,0.9280810356,592.460022,0.4065828919,
,,,,,,592.5999756,0.9249881506,592.5999756,0.3779968619,
,,,,,,592.75,0.9061789513,592.75,0.3917203844,
,,,,,,593.039978,0.9366817474,593.039978,0.3513042033,
,,,,,,593.1799927,0.8349568844,593.1799927,0.426412493,
,,,,,,593.3300171,0.799041152,593.3300171,0.3197031021,
,,,,,,593.6199951,0.8675182462,593.6199951,0.3790008128,
,,,,,,593.7600098,0.8828992844,593.7600098,0.427339524,
,,,,,,594.0499878,0.8012918234,594.0499878,0.2642416656,
,,,,,,594.2000122,0.8309928775,594.2000122,0.331414938,
,,,,,,594.3400269,0.8138052821,594.3400269,0.3897875845,
,,,,,,594.6300049,0.8541247249,594.6300049,0.4244809747,
,,,,,,594.7800293,0.827038765,594.7800293,0.2603217363,
,,,,,,595.0700073,0.8203205466,595.0700073,0.4076350629,
,,,,,,595.210022,0.8179183006,595.210022,0.3060345948,
,,,,,,595.3599854,0.7672477961,595.3599854,0.3633815348,
,,,,,,595.6500244,0.7777788639,595.6500244,0.3003963828,
,,,,,,595.789978,0.7762506008,595.789978,0.3440038264,
,,,,,,595.9400024,0.8178983927,595.9400024,0.2877863646,
,,,,,,596.2299805,0.8434939384,596.2299805,0.3392781615,
,,,,,,596.3699951,0.7679629922,596.3699951,0.3740814924,
,,,,,,596.5200195,0.7896763682,596.5200195,0.4123206735,
,,,,,,596.8099976,0.7529531121,596.8099976,0.3817584217,
,,,,,,596.9500122,0.7631449103,596.9500122,0.3846780658,
,,,,,,597.2399902,0.7964653969,597.2399902,0.4216972888,
,,,,,,597.3900146,0.7910333276,597.3900146,0.3530294299,
,,,,,,597.5300293,0.7441959977,597.5300293,0.364348501,
,,,,,,597.8200073,0.7525796294,597.8200073,0.3548089564,
,,,,,,597.9699707,0.7582437992,597.9699707,0.3602143228,
,,,,,,598.2600098,0.7503452301,598.2600098,0.3520157635,
,,,,,,598.4000244,0.7289000154,598.4000244,0.2594151497,
,,,,,,598.5499878,0.748860836,598.5499878,0.3251845837,
,,,,,,598.8400269,0.7069060802,598.8400269,0.3442887664,
,,,,,,598.9799805,0.7676448226,598.9799805,0.4002782106,
,,,,,,599.1300049,0.7674205899,599.1300049,0.4045069814,
,,,,,,599.4199829,0.6907278299,599.4199829,0.3360879421,
,,,,,,599.5599976,0.6887404323,599.5599976,0.3123169839,
,,,,,,599.8499756,0.731135726,599.8499756,0.3434310853,
,,,,,,600,0.7299112082,600,0.3371522129,

Pyranine in 1-butanol,
Pyranine in 1-butanol
Collection Time: 1/24/2020 2:14:41 PM
Operator Name  :
Scan Software Version: 1.2(147)
Parameter List :
Instrument                        Cary Eclipse
Instrument Serial Number          MY16370002
Data mode                         Fluorescence
Scan mode                         Emission
X Mode                            Wavelength (nm)
Start (nm)                        380.00
Stop (nm)                         600.00
Ex. Wavelength (nm)               366.00
Ex. Slit (nm)                     10
Em. Slit (nm)                     5
Scan rate (nm/min)                300.00
Data interval (nm)                1.0000
Averaging Time (s)                0.2000
Excitation filter                 Auto
Emission filter                   Open
PMT voltage (V)                   Medium
Corrected spectra                 OFF
Method Log     :
Method Name    : Default
Date/Time stamp: 1/24/2020 2:13:19 PM
Method Modifications:
Ex. Slit Width (nm): Changed: 1/24/2020 2:14:21 PM, Old:5, New:10
Scan Control Changed: 1/24/2020 2:14:21 PM, Old:Medium, New:Manual
Ave. time (s): Changed: 1/24/2020 2:14:21 PM, Old:0.10000, New:0.20000
Excitation Wavelength Changed: 1/24/2020 2:14:21 PM, Old: 350.00, New: 366.00
Emission Wavelength Changed: 1/24/2020 2:14:21 PM, Old: 400.00, New: 380.00
End Method Modifications

Pyranine in 1-butanol,
Pyranine in 1-butanol
Collection Time: 1/24/2020 2:15:26 PM
Operator Name  :
Scan Software Version: 1.2(147)
Parameter List :
Instrument                        Cary Eclipse
Instrument Serial Number          MY16370002
Data mode                         Fluorescence
Scan mode                         Emission
X Mode                            Wavelength (nm)
Start (nm)                        380.00
Stop (nm)                         600.00
Ex. Wavelength (nm)               366.00
Ex. Slit (nm)                     5
Em. Slit (nm)                     1.5
Scan rate (nm/min)                300.00
Data interval (nm)                1.0000
Averaging Time (s)                0.2000
Excitation filter                 Auto
Emission filter                   Open
PMT voltage (V)                   Medium
Corrected spectra                 OFF
Method Log     :
Method Name    : Default
Date/Time stamp: 1/24/2020 2:13:19 PM
Method Modifications:
Ex. Slit Width (nm): Changed: 1/24/2020 2:14:21 PM, Old:5, New:10
Scan Control Changed: 1/24/2020 2:14:21 PM, Old:Medium, New:Manual
Ave. time (s): Changed: 1/24/2020 2:14:21 PM, Old:0.10000, New:0.20000
Excitation Wavelength Changed: 1/24/2020 2:14:21 PM, Old: 350.00, New: 366.00
Emission Wavelength Changed: 1/24/2020 2:14:21 PM, Old: 400.00, New: 380.00
Ex. Slit Width (nm): Changed: 1/24/2020 2:15:12 PM, Old:10, New:5
Em. Slit Width (nm): Changed: 1/24/2020 2:15:12 PM, Old:5, New:1.5
End Method Modifications

Pyranine in 1-butanol,
Pyranine in 1-butanol
Collection Time: 1/24/2020 2:16:37 PM
Operator Name  :
Scan Software Version: 1.2(147)
Parameter List :
Instrument                        Cary Eclipse
Instrument Serial Number          MY16370002
Data mode                         Fluorescence
Scan mode                         Emission
X Mode                            Wavelength (nm)
Start (nm)                        380.00
Stop (nm)                         600.00
Ex. Wavelength (nm)               366.00
Ex. Slit (nm)                     5
Em. Slit (nm)                     2.5
Scan rate (nm/min)                300.00
Data interval (nm)                1.0000
Averaging Time (s)                0.2000
Excitation filter                 Auto
Emission filter                   Open
PMT voltage (V)                   Medium
Corrected spectra                 OFF
Method Log     :
Method Name    : Default
Date/Time stamp: 1/24/2020 2:13:19 PM
Method Modifications:
Ex. Slit Width (nm): Changed: 1/24/2020 2:14:21 PM, Old:5, New:10
Scan Control Changed: 1/24/2020 2:14:21 PM, Old:Medium, New:Manual
Ave. time (s): Changed: 1/24/2020 2:14:21 PM, Old:0.10000, New:0.20000
Excitation Wavelength Changed: 1/24/2020 2:14:21 PM, Old: 350.00, New: 366.00
Emission Wavelength Changed: 1/24/2020 2:14:21 PM, Old: 400.00, New: 380.00
Ex. Slit Width (nm): Changed: 1/24/2020 2:15:12 PM, Old:10, New:5
Em. Slit Width (nm): Changed: 1/24/2020 2:15:12 PM, Old:5, New:1.5
Em. Slit Width (nm): Changed: 1/24/2020 2:16:30 PM, Old:1.5, New:2.5
End Method Modifications

Pyranine in 1-butanol,
Pyranine in 1-butanol
Collection Time: 1/24/2020 2:17:54 PM
Operator Name  :
Scan Software Version: 1.2(147)
Parameter List :
Instrument                        Cary Eclipse
Instrument Serial Number          MY16370002
Data mode                         Fluorescence
Scan mode                         Emission
X Mode                            Wavelength (nm)
Start (nm)                        380.00
Stop (nm)                         600.00
Ex. Wavelength (nm)               366.00
Ex. Slit (nm)                     5
Em. Slit (nm)                     2.5
Scan rate (nm/min)                24.00
Data interval (nm)                0.2000
Averaging Time (s)                0.5000
Excitation filter                 Auto
Emission filter                   Open
PMT voltage (V)                   Medium
Corrected spectra                 OFF
Method Log     :
Method Name    : Default
Date/Time stamp: 1/24/2020 2:13:19 PM
Method Modifications:
Ex. Slit Width (nm): Changed: 1/24/2020 2:14:21 PM, Old:5, New:10
Scan Control Changed: 1/24/2020 2:14:21 PM, Old:Medium, New:Manual
Ave. time (s): Changed: 1/24/2020 2:14:21 PM, Old:0.10000, New:0.20000
Excitation Wavelength Changed: 1/24/2020 2:14:21 PM, Old: 350.00, New: 366.00
Emission Wavelength Changed: 1/24/2020 2:14:21 PM, Old: 400.00, New: 380.00
Ex. Slit Width (nm): Changed: 1/24/2020 2:15:12 PM, Old:10, New:5
Em. Slit Width (nm): Changed: 1/24/2020 2:15:12 PM, Old:5, New:1.5
Em. Slit Width (nm): Changed: 1/24/2020 2:16:30 PM, Old:1.5, New:2.5
Ave. time (s): Changed: 1/24/2020 2:17:45 PM, Old:0.20000, New:0.50000
Data interval: Changed: 1/24/2020 2:17:45 PM, Old:   1.00, New:   0.20
End Method Modifications

Pyranine in acetonitrile,
Pyranine in acetonitrile
Collection Time: 1/24/2020 3:13:21 PM
Operator Name  :
Scan Software Version: 1.2(147)
Parameter List :
Instrument                        Cary Eclipse
Instrument Serial Number          MY16370002
Data mode                         Fluorescence
Scan mode                         Emission
X Mode                            Wavelength (nm)
Start (nm)                        380.00
Stop (nm)                         600.00
Ex. Wavelength (nm)               366.00
Ex. Slit (nm)                     5
Em. Slit (nm)                     2.5
Scan rate (nm/min)                60.00
Data interval (nm)                0.2000
Averaging Time (s)                0.2000
Excitation filter                 Auto
Emission filter                   Open
PMT voltage (V)                   Medium
Corrected spectra                 OFF
Method Log     :
Method Name    : C:\Users\Whitmore\Desktop\CHEM 459W\Spring 2020\Cameron Slaten\Jan-24-2020.FBSW
Date/Time stamp: 1/24/2020 2:27:44 PM
Method Modifications:
Ex. Slit Width (nm): Changed: 1/24/2020 2:14:21 PM, Old:5, New:10
Scan Control Changed: 1/24/2020 2:14:21 PM, Old:Medium, New:Manual
Ave. time (s): Changed: 1/24/2020 2:14:21 PM, Old:0.10000, New:0.20000
Excitation Wavelength Changed: 1/24/2020 2:14:21 PM, Old: 350.00, New: 366.00
Emission Wavelength Changed: 1/24/2020 2:14:21 PM, Old: 400.00, New: 380.00
Ex. Slit Width (nm): Changed: 1/24/2020 2:15:12 PM, Old:10, New:5
Em. Slit Width (nm): Changed: 1/24/2020 2:15:12 PM, Old:5, New:1.5
Em. Slit Width (nm): Changed: 1/24/2020 2:16:30 PM, Old:1.5, New:2.5
Ave. time (s): Changed: 1/24/2020 2:17:45 PM, Old:0.20000, New:0.50000
Data interval: Changed: 1/24/2020 2:17:45 PM, Old:   1.00, New:   0.20
Ave. time (s): Changed: 1/24/2020 3:13:05 PM, Old:0.50000, New:0.20000
End Method Modifications

